// Auto-generated by tools/menu_covers_to_header.py
#pragma once
#include <stdint.h>

typedef struct {
  const char* name;
  uint16_t w;
  uint16_t h;
  const uint16_t* pixels;
} MenuCover;

static const uint16_t cover_dino[] = {
  0xFFFF,0xFFFF,0xFFFF,0xFFFF,0xFFFF,0xFFFF,0xFFFF,0xFFFF,0xFFFF,0xFFFF,0xFFFF,0xFFFF,
  0xFFFF,0xFFFF,0xFFFF,0xFFFF,0xFFFF,0xFFFF,0xFFFF,0xFFFF,0xFFFF,0xFFFF,0xFFFF,0xFFFF,
  0xFFFF,0xFFFF,0xFFFF,0xFFFF,0xFFFF,0xFFFF,0xFFFF,0xFFFF,0xFFFF,0xFFFF,0xFFFF,0xFFFF,
  0xFFFF,0xFFFF,0xFFFF,0xFFFF,0xFFFF,0xFFFF,0xFFFF,0xFFFF,0xFFFF,0xFFFF,0xFFFF,0xFFFF,
  0xFFFF,0xFFFF,0xFFFF,0xFFFF,0xFFFF,0xFFFF,0xFFFF,0xFFFF,0xFFFF,0xFFFF,0xFFFF,0xFFFF,
  0xFFFF,0xFFFF,0xFFFF,0xFFFF,0xFFFF,0xFFFF,0xFFFF,0xFFFF,0xFFFF,0xFFFF,0xFFFF,0xFFFF,
  0xFFFF,0xFFFF,0xFFFF,0xFFFF,0xFFFF,0xFFFF,0xFFFF,0xFFFF,0xFFFF,0xFFFF,0xFFFF,0xFFFF,
  0xFFFF,0xFFFF,0xFFFF,0xFFFF,0xFFFF,0xFFFF,0xFFFF,0xFFFF,0xFFFF,0xFFFF,0xFFFF,0xFFFF,
  0xFFFF,0xFFFF,0xFFFF,0xFFFF,0xFFFF,0xFFFF,0xFFFF,0xFFFF,0xFFFF,0xFFFF,0xFFFF,0xFFFF,
  0xFFFF,0xFFFF,0xFFFF,0xFFFF,0xFFFF,0xFFFF,0xFFFF,0xFFFF,0xFFFF,0xFFFF,0xFFFF,0xFFFF,
  0xFFFF,0xFFFF,0xFFFF,0xFFFF,0xFFFF,0xFFFF,0xFFFF,0xFFFF,0xFFFF,0xFFFF,0xFFFF,0xFFFF,
  0xFFFF,0xFFFF,0xFFFF,0xFFFF,0xFFFF,0xFFFF,0xFFFF,0xFFFF,0xFFFF,0xFFFF,0xFFFF,0xFFFF,
  0xFFFF,0xFFFF,0xFFFF,0xFFFF,0xFFFF,0xFFFF,0xFFFF,0xFFFF,0xFFFF,0xFFFF,0xFFFF,0xFFFF,
  0xFFFF,0xFFFF,0xFFFF,0xFFFF,0xFFFF,0xFFFF,0xFFFF,0xFFFF,0xFFFF,0xFFFF,0xFFFF,0xFFFF,
  0xFFFF,0xFFFF,0xFFFF,0xFFFF,0xFFFF,0xFFFF,0xFFFF,0xFFFF,0xFFFF,0xFFFF,0xFFFF,0xFFFF,
  0xFFFF,0xFFFF,0xFFFF,0xFFFF,0xFFFF,0xFFFF,0xFFFF,0xFFFF,0xFFFF,0xFFFF,0xFFFF,0xFFFF,
  0xFFFF,0xFFFF,0xFFFF,0xFFFF,0xFFFF,0xFFFF,0xFFFF,0xFFFF,0xFFFF,0xFFFF,0xFFFF,0xFFFF,
  0xFFFF,0xFFFF,0xFFFF,0xFFFF,0xFFFF,0xFFFF,0xFFFF,0xFFFF,0xFFFF,0xFFFF,0xFFFF,0xFFFF,
  0xFFFF,0xFFFF,0xFFFF,0xFFFF,0xFFFF,0xFFFF,0xFFFF,0xFFFF,0xFFFF,0xFFFF,0xFFFF,0xFFFF,
  0xFFFF,0xFFFF,0xFFFF,0xFFFF,0xFFFF,0xFFFF,0xFFFF,0xFFFF,0xFFFF,0xFFFF,0xFFFF,0xFFFF,
  0xFFFF,0xFFFF,0xFFFF,0xFFFF,0xFFFF,0xFFFF,0xFFFF,0xFFFF,0xFFFF,0xFFFF,0xFFFF,0xFFFF,
  0xFFFF,0xFFFF,0xFFFF,0xFFFF,0xFFFF,0xFFFF,0xFFFF,0xFFFF,0xFFFF,0xFFFF,0xFFFF,0xFFFF,
  0xFFFF,0xFFFF,0xFFFF,0xFFFF,0xFFFF,0xFFFF,0xFFFF,0xFFFF,0xFFDF,0xFFDF,0xFFDF,0xFFDF,
  0xFFDF,0xFFDF,0xFFDF,0xFFDF,0xFFDF,0xFFDF,0xFFDF,0xFFDF,0xFFDF,0xFFDF,0xFFDF,0xFFDF,
  0xFFDF,0xFFDF,0xFFDF,0xFFDF,0xFFDF,0xFFDF,0xFFDF,0xFFDF,0xFFDF,0xFFDF,0xFFDF,0xFFDF,
  0xFFDF,0xFFDF,0xFFFF,0xFFDF,0xFFDF,0xFFDF,0xFFDF,0xFFDF,0xFFDF,0xFFDF,0xFFDF,0xFFDF,
  0xFFDF,0xFFDF,0xFFDF,0xFFDF,0xFFDF,0xFFDF,0xFFDF,0xFFDF,0xFFDF,0xFFFF,0xFFDF,0xFFDF,
  0xFFDF,0xFFDF,0xFFDF,0xFFDF,0xFFDF,0xFFDF,0xFFDF,0xFFDF,0xFFDF,0xFFDF,0xFFDF,0xFFDF,
  0xFFDF,0xFFDF,0xFFDF,0xFFDF,0xFFDF,0xFFDF,0xFFDF,0xFFDF,0xFFDF,0xFFDF,0xFFDF,0xFFFF,
  0xFFFF,0xFFFF,0xFFFF,0xFFFF,0xFFFF,0xFFFF,0xFFFF,0xFFFF,0xFFFF,0xFFFF,0xFFFF,0xFFFF,
  0xFFFF,0xFFFF,0xFFFF,0xFFFF,0xFFFF,0xFFFF,0xFFFF,0xFFFF,0xFFFF,0xFFFF,0xFFFF,0xFFFF,
  0xFFFF,0xFFFF,0xFFFF,0xFFFF,0xFFFF,0xFFFF,0xFFFF,0xFFFF,0xFFFF,0xFFFF,0xFFFF,0xFFFF,
  0xFFFF,0xFFFF,0xFFFF,0xFFFF,0xFFFF,0xFFFF,0xFFFF,0xFFFF,0xFFFF,0xFFFF,0xFFFF,0xFFFF,
  0xFFFF,0xFFFF,0xFFFF,0xFFFF,0xFFFF,0xFFFF,0xFFFF,0xFFFF,0xFFFF,0xFFFF,0xFFFF,0xFFFF,
  0xFFFF,0xFFFF,0xFFFF,0xFFFF,0xFFFF,0xFFFF,0xFFFF,0xFFFF,0xFFFF,0xFFFF,0xFFFF,0xFFFF,
  0xFFFF,0xFFFF,0xFFFF,0xFFFF,0xFFFF,0xFFFF,0xFFFF,0xFFFF,0xFFFF,0xFFFF,0xFFFF,0xFFFF,
  0xFFFF,0xFFFF,0xFFFF,0xFFFF,0xFFFF,0xFFFF,0xFFFF,0xFFFF,0xFFFF,0xFFFF,0xFFFF,0xFFFF,
  0xFFFF,0xFFFF,0xFFFF,0xFFFF,0xAD55,0x7BEF,0x8410,0x7BEF,0x8410,0x8410,0x8410,0x8410,
  0x7BEF,0x7BEF,0x7BEF,0x83EF,0x8410,0x8410,0x8410,0x8410,0x8410,0x8410,0x8410,0x8410,
  0x8410,0x8410,0x8410,0x8410,0x8410,0x8410,0x8410,0x8410,0x8410,0x8410,0x8410,0x8410,
  0x8410,0x8410,0x8410,0x8410,0x8410,0x8410,0x8410,0x8410,0x8410,0x8410,0x8410,0x8410,
  0x8410,0x8410,0x8410,0x8410,0x8410,0x8410,0x8410,0x7C10,0x8410,0x8410,0x8410,0x7BEF,
  0x7BEF,0x8410,0x8410,0x8410,0x8410,0x8410,0x8410,0x8410,0x8410,0x8410,0x8410,0x8410,
  0x7BEF,0x7BEF,0x7BEF,0x7BEF,0x7BEF,0x8410,0x8410,0xDEDB,0xFFFF,0xFFFF,0xFFFF,0xFFFF,
  0xFFFF,0xFFFF,0xFFFF,0xFFFF,0xFFFF,0xFFFF,0xFFFF,0x630C,0x2104,0x6B6D,0x6B4D,0x6B4D,
  0x6B6D,0x6B6D,0x6B6D,0x6B4D,0x6B4D,0x6B4D,0x6B4D,0x6B4D,0x6B4D,0x6B6D,0x6B6D,0x6B6D,
  0x6B6D,0x6B4D,0x6B4D,0x6B6D,0x6B6D,0x6B6D,0x6B6D,0x6B6D,0x6B6D,0x6B4D,0x6B4D,0x6B4D,
  0x6B6D,0x6B4D,0x6B4D,0x6B4D,0x6B4D,0x6B4D,0x6B4D,0x6B6D,0x6B4D,0x6B4D,0x6B4D,0x6B6D,
  0x6B6D,0x6B4D,0x6B4D,0x6B6D,0x6B6D,0x6B6D,0x6B6D,0x6B6D,0x6B4D,0x6B4D,0x6B4D,0x6B4D,
  0x6B6D,0x6B6D,0x6B4D,0x6B4D,0x6B4D,0x6B6D,0x6B6D,0x6B6D,0x6B6D,0x6B4D,0x6B4D,0x6B6D,
  0x6B6D,0x6B6D,0x6B4D,0x6B4D,0x6B4D,0x6B4D,0x6B4D,0x6B4D,0x6B4D,0x738E,0x4A49,0x0861,
  0xAD75,0xFFFF,0xFFFF,0xFFFF,0xFFFF,0xFFFF,0xFFFF,0xFFFF,0xFFFF,0xFFFF,0x9CD3,0x2925,
  0xEF7D,0xFFFF,0xFFFF,0xFFFF,0xFFFF,0xFFFF,0xFFFF,0xFFFF,0xFFFF,0xFFFF,0xFFFF,0xFFFF,
  0xFFFF,0xFFFF,0xFFFF,0xFFFF,0xFFFF,0xFFFF,0xFFFF,0xFFFF,0xFFFF,0xFFFF,0xFFFF,0xFFFF,
  0xFFFF,0xFFFF,0xFFFF,0xFFFF,0xFFFF,0xFFFF,0xFFFF,0xFFFF,0xFFFF,0xFFFF,0xFFFF,0xFFFF,
  0xFFFF,0xFFFF,0xFFFF,0xFFFF,0xFFFF,0xFFFF,0xFFFF,0xFFFF,0xFFFF,0xFFFF,0xFFFF,0xFFFF,
  0xFFFF,0xFFFF,0xFFFF,0xFFFF,0xFFFF,0xFFFF,0xFFFF,0xFFFF,0xFFFF,0xFFFF,0xFFFF,0xFFFF,
  0xFFFF,0xFFFF,0xFFFF,0xFFFF,0xFFFF,0xFFFF,0xFFFF,0xFFFF,0xFFFF,0xFFFF,0xFFFF,0xFFFF,
  0xFFFF,0xFFFF,0xFFFF,0x6B6D,0x2124,0xFFFF,0xFFFF,0xFFFF,0xFFFF,0xFFFF,0xFFFF,0xFFFF,
  0xFFDF,0xFFFF,0x630C,0x9CD3,0xFFFF,0xF7BE,0xFFDF,0xFFDF,0xFFDF,0xFFDF,0xFFDF,0xFFDF,
  0xFFDF,0xFFDF,0xFFDF,0xFFDF,0xFFDF,0xFFDF,0xFFDF,0xFFDF,0xFFDF,0xFFDF,0xFFDF,0xFFDF,
  0xFFDF,0xFFDF,0xFFDF,0xFFDF,0xFFDF,0xFFDF,0xFFDF,0xFFDF,0xFFDF,0xFFDF,0xFFDF,0xFFDF,
  0xFFDF,0xFFDF,0xFFDF,0xFFDF,0xFFDF,0xFFDF,0xFFDF,0xFFDF,0xFFDF,0xFFDF,0xFFDF,0xFFDF,
  0xFFDF,0xFFDF,0xFFDF,0xFFDF,0xFFDF,0xFFDF,0xFFDF,0xFFDF,0xFFDF,0xFFDF,0xFFDF,0xFFDF,
  0xFFDF,0xFFDF,0xFFDF,0xFFDF,0xFFDF,0xFFDF,0xFFDF,0xFFDF,0xFFDF,0xFFDF,0xFFDF,0xFFDF,
  0xFFDF,0xFFDF,0xFFDF,0xFFDF,0xFFDF,0xFFDF,0xFFFF,0xEF7D,0x4A49,0xF79E,0xFFFF,0xFFFF,
  0xFFFF,0xFFFF,0xFFFF,0xFFFF,0xFFDF,0xFFFF,0x6B6D,0x94B2,0xFFFF,0xFFDF,0xFFFF,0xFFFF,
  0xFFFF,0xFFFF,0xFFFF,0xFFFF,0xFFFF,0xFFFF,0xFFFF,0xFFFF,0xFFFF,0xFFFF,0xFFFF,0xFFFF,
  0xFFFF,0xFFFF,0xFFFF,0xFFFF,0xFFFF,0xFFFF,0xFFFF,0xFFFF,0xFFFF,0xFFFF,0xFFFF,0xFFFF,
  0xFFFF,0xFFFF,0xFFFF,0xFFFF,0xFFFF,0xFFFF,0xFFFF,0xFFFF,0xFFFF,0xFFFF,0xFFFF,0xFFFF,
  0xFFFF,0xFFFF,0xFFFF,0xFFFF,0xFFFF,0xFFFF,0xFFFF,0xFFFF,0xFFFF,0xFFFF,0xFFFF,0xFFFF,
  0xFFFF,0xFFFF,0xFFFF,0xFFFF,0xFFFF,0xFFFF,0xFFFF,0xFFFF,0xFFFF,0xFFFF,0xFFFF,0xFFFF,
  0xFFFF,0xFFFF,0xFFFF,0xFFFF,0xFFFF,0xFFFF,0xFFFF,0xFFFF,0xFFFF,0xFFFF,0xFFFF,0xEF5D,
  0x528A,0xF79E,0xFFFF,0xFFFF,0xFFFF,0xFFFF,0xFFFF,0xFFFF,0xFFDF,0xFFFF,0x6B6D,0x9492,
  0xFFFF,0xFFDF,0xFFFF,0xFFFF,0xFFFF,0xFFFF,0xFFFF,0xFFFF,0xFFFF,0xFFFF,0xFFFF,0xFFFF,
  0xFFFF,0xFFFF,0xFFFF,0xFFFF,0xFFFF,0xFFFF,0xFFFF,0xFFFF,0xFFFF,0xFFFF,0xFFFF,0xFFFF,
  0xFFFF,0xFFFF,0xFFFF,0xFFFF,0xFFFF,0xFFFF,0xFFFF,0xFFFF,0xFFFF,0xFFFF,0xFFFF,0xFFFF,
  0xFFFF,0xFFFF,0xFFFF,0xFFFF,0xFFFF,0xFFFF,0xFFFF,0xFFFF,0xFFFF,0xFFFF,0xFFFF,0xFFFF,
  0xFFFF,0xFFFF,0xFFFF,0xFFFF,0xFFFF,0xFFFF,0xFFFF,0xFFFF,0xFFFF,0xFFFF,0xFFFF,0xFFFF,
  0xFFFF,0xFFFF,0xFFFF,0xFFFF,0xFFFF,0xFFFF,0xFFFF,0xFFFF,0xFFFF,0xFFFF,0xFFFF,0xFFFF,
  0xFFFF,0xFFFF,0xFFFF,0xEF5D,0x4A69,0xF79E,0xFFFF,0xFFFF,0xFFFF,0xFFFF,0xFFFF,0xFFFF,
  0xFFDF,0xFFFF,0x6B6D,0x94B2,0xFFFF,0xFFDF,0xFFFF,0xFFFF,0xFFFF,0xFFFF,0xFFFF,0xFFFF,
  0xFFFF,0xFFFF,0xFFFF,0xFFFF,0xFFFF,0xFFFF,0xFFFF,0xFFFF,0xFFFF,0xFFFF,0xFFFF,0xFFFF,
  0xFFFF,0xFFFF,0xFFFF,0xFFFF,0xFFFF,0xFFFF,0xFFFF,0xFFFF,0xFFFF,0xFFFF,0xFFFF,0xFFFF,
  0xFFFF,0xFFFF,0xFFFF,0xFFFF,0xFFFF,0xFFFF,0xFFFF,0xFFFF,0xFFFF,0xFFFF,0xFFFF,0xFFFF,
  0xFFFF,0xFFFF,0xFFFF,0xFFFF,0xFFFF,0xFFFF,0xFFFF,0xFFFF,0xFFFF,0xFFFF,0xFFFF,0xFFFF,
  0xFFFF,0xFFFF,0xFFFF,0xFFFF,0xFFFF,0xFFFF,0xFFFF,0xFFFF,0xFFFF,0xFFFF,0xFFFF,0xFFFF,
  0xFFFF,0xFFFF,0xFFFF,0xFFFF,0xFFFF,0xFFFF,0xFFFF,0xEF5D,0x4A69,0xF79E,0xFFFF,0xFFFF,
  0xFFFF,0xFFFF,0xFFFF,0xFFFF,0xFFDF,0xFFFF,0x6B6D,0x94B2,0xFFFF,0xFFDF,0xFFFF,0xFFFF,
  0xFFFF,0xFFFF,0xFFFF,0xFFFF,0xFFFF,0xFFFF,0xFFFF,0xFFFF,0xFFFF,0xFFFF,0xFFFF,0xFFFF,
  0xFFFF,0xFFFF,0xFFFF,0xFFFF,0xFFFF,0xFFFF,0xFFDF,0xFFDF,0xFFDF,0xFFDF,0xFFDF,0xFFDF,
  0xFFFF,0xFFFF,0xFFFF,0xFFFF,0xFFDF,0xFFDF,0xFFDF,0xFFDF,0xFFDF,0xFFFF,0xFFFF,0xFFFF,
  0xFFDF,0xFFFF,0xFFFF,0xFFFF,0xFFFF,0xFFFF,0xFFDF,0xFFDF,0xFFFF,0xFFFF,0xFFFF,0xFFDF,
  0xFFDF,0xFFDF,0xFFDF,0xFFDF,0xFFFF,0xFFFF,0xFFFF,0xFFFF,0xFFFF,0xFFFF,0xFFFF,0xFFFF,
  0xFFFF,0xFFFF,0xFFFF,0xFFFF,0xFFFF,0xFFFF,0xFFFF,0xFFFF,0xFFFF,0xFFFF,0xFFFF,0xEF5D,
  0x4A69,0xF79E,0xFFFF,0xFFFF,0xFFFF,0xFFFF,0xFFFF,0xFFFF,0xFFDF,0xFFFF,0x6B6D,0x94B2,
  0xFFFF,0xFFDF,0xFFFF,0xFFFF,0xFFFF,0xFFFF,0xFFFF,0xFFFF,0xFFFF,0xFFFF,0xFFFF,0xFFFF,
  0xFFFF,0xFFFF,0xFFFF,0xFFFF,0xFFFF,0xFFFF,0xFFFF,0xFFFF,0xFFFF,0xFFFF,0xFFFF,0xFFFF,
  0xFFFF,0xFFFF,0xFFFF,0xFFFF,0xFFFF,0xFFFF,0xFFFF,0xFFFF,0xFFFF,0xFFFF,0xFFFF,0xFFFF,
  0xFFFF,0xFFFF,0xFFFF,0xFFFF,0xFFFF,0xFFFF,0xFFFF,0xFFFF,0xFFFF,0xFFFF,0xFFFF,0xFFFF,
  0xFFFF,0xFFFF,0xFFFF,0xFFFF,0xFFFF,0xFFFF,0xFFFF,0xFFFF,0xFFFF,0xFFFF,0xFFFF,0xFFFF,
  0xFFFF,0xFFFF,0xFFFF,0xFFFF,0xFFFF,0xFFFF,0xFFFF,0xFFFF,0xFFFF,0xFFFF,0xFFFF,0xFFFF,
  0xFFFF,0xFFFF,0xFFFF,0xEF5D,0x4A69,0xF7BE,0xFFFF,0xFFFF,0xFFFF,0xFFFF,0xFFFF,0xFFFF,
  0xFFDF,0xFFFF,0x6B6D,0x94B2,0xFFFF,0xFFDF,0xFFFF,0xFFFF,0xFFFF,0xFFFF,0xFFFF,0xFFFF,
  0xFFFF,0xFFFF,0xFFFF,0xFFFF,0xFFFF,0xFFDF,0xFFFF,0xFFFF,0xFFDF,0xFFDF,0xFFFF,0xFFFF,
  0xFFFF,0xE71C,0x8430,0x8430,0x8C51,0x8C71,0x8C71,0x8C51,0xD6BA,0xFFFF,0xFFFF,0xF79E,
  0x9492,0x8C51,0x8430,0x8430,0x8C51,0xCE38,0xFFFF,0xBDD7,0x8410,0xC638,0xFFFF,0xFFDF,
  0xFFFF,0xE71C,0x8410,0xA514,0xFFFF,0xFFFF,0xFFFF,0xA514,0x8C51,0x8C51,0x8C71,0x8C51,
  0xCE59,0xFFFF,0xFFFF,0xFFFF,0xFFFF,0xFFFF,0xFFFF,0xFFFF,0xFFFF,0xFFFF,0xFFFF,0xFFFF,
  0xFFFF,0xFFFF,0xFFFF,0xFFFF,0xFFFF,0xFFFF,0xFFFF,0xEF5D,0x4A69,0xF79E,0xFFFF,0xFFFF,
  0xFFFF,0xFFFF,0xFFFF,0xFFFF,0xFFDF,0xFFFF,0x6B6D,0x94B2,0xFFFF,0xFFDF,0xFFFF,0xFFFF,
  0xFFFF,0xFFFF,0xFFFF,0xFFFF,0xFFFF,0xFFFF,0xFFFF,0xFFFF,0xFFFF,0xFFFF,0xFFFF,0xFFFF,
  0xFFFF,0xFFFF,0xFFFF,0xFFDF,0xFFFF,0xBDF7,0x0000,0x0000,0x0000,0x0000,0x0000,0x0000,
  0xA514,0xFFFF,0xFFFF,0xDEFB,0x0000,0x0000,0x0000,0x0000,0x0000,0x6B6D,0xFFFF,0x630C,
  0x0000,0x7BF0,0xFFFF,0xF7BE,0xFFFF,0xB5B6,0x0000,0x2945,0xFFFF,0xFFFF,0xFFFF,0x3186,
  0x0000,0x0000,0x0000,0x0000,0x8C51,0xFFFF,0xFFDF,0xFFFF,0xFFFF,0xFFFF,0xFFFF,0xFFFF,
  0xFFFF,0xFFFF,0xFFFF,0xFFFF,0xFFFF,0xFFFF,0xFFFF,0xFFFF,0xFFFF,0xFFFF,0xFFFF,0xEF5D,
  0x4A69,0xF79E,0xFFFF,0xFFFF,0xFFFF,0xFFFF,0xFFFF,0xFFFF,0xFFDF,0xFFFF,0x6B4D,0x94B2,
  0xFFFF,0xFFDF,0xFFFF,0xFFFF,0xFFFF,0xFFFF,0xFFFF,0xFFFF,0xFFFF,0xFFFF,0xFFDF,0xFFFF,
  0xED34,0xD2EB,0xD34C,0xDB6D,0xDB8D,0xDB2C,0xDBAE,0xFF9E,0xFFFF,0xC618,0x0020,0x1082,
  0x7BCF,0x7BEF,0x7BEF,0x6B4D,0x2945,0x528A,0xF79E,0xF79E,0x8C51,0x4A8A,0x0020,0x18E3,
  0x7BEF,0xBDD7,0xFFFF,0x738E,0x0020,0x2945,0x5AEB,0xEF7D,0xFFFF,0xBDD7,0x0020,0x39C7,
  0xFFFF,0xB5B6,0x31A6,0x2965,0x7BEF,0x7BEF,0x8410,0x6B4D,0x2124,0x4A69,0xEF5D,0xFFFF,
  0xFFFF,0xFFFF,0xFFFF,0xFFFF,0xFFFF,0xFFFF,0xFFFF,0xFFFF,0xFFFF,0xFFFF,0xFFFF,0xFFFF,
  0xFFFF,0xFFFF,0xFFFF,0xEF5D,0x4A69,0xF79E,0xFFFF,0xFFFF,0xFFFF,0xFFFF,0xFFFF,0xFFFF,
  0xFFDF,0xFFFF,0x6B4D,0x9492,0xFFFF,0xFFDF,0xFFFF,0xFFFF,0xFFFF,0xFFFF,0xFFFF,0xFFFF,
  0xFFFF,0xFFFF,0xFFFF,0xFFFF,0xF6FB,0xEDB6,0xEDF7,0xF617,0xF617,0xEDD6,0xF618,0xFFDF,
  0xFFFF,0xBE17,0x0000,0x2104,0xFFFF,0xFFFF,0xFFFF,0xDEDB,0x0000,0x1082,0xEF5D,0xFFFF,
  0xFFFF,0xA534,0x0000,0x31A6,0xFFFF,0xFFFF,0xFFFF,0x738E,0x0000,0x0000,0x0020,0xD69A,
  0xFFDF,0xBDD7,0x0000,0x31A6,0xFFFF,0xA514,0x0000,0x31A6,0xFFFF,0xFFFF,0xFFFF,0xE71C,
  0x0000,0x0820,0xE73C,0xFFFF,0xFFFF,0xFFFF,0xFFFF,0xFFFF,0xFFFF,0xFFFF,0xFFFF,0xFFFF,
  0xFFFF,0xFFFF,0xFFFF,0xFFFF,0xFFFF,0xFFFF,0xFFFF,0xEF5D,0x4A69,0xF79E,0xFFFF,0xFFFF,
  0xFFFF,0xFFFF,0xFFFF,0xFFFF,0xFFDF,0xFFFF,0x6B4D,0x9492,0xFFFF,0xFFDF,0xFFFF,0xFFFF,
  0xFFFF,0xFFFF,0xFFFF,0xFFFF,0xFF7D,0xF618,0xEE38,0xEE18,0xEE59,0xF69A,0xF69A,0xF69A,
  0xF679,0xF679,0xF6DA,0xFFDF,0xFFFF,0xBE17,0x0000,0x2104,0xF79E,0xFFDF,0xFFDF,0xC638,
  0x0000,0x18E3,0xEF5D,0xFFFF,0xFFDF,0x9CD3,0x0000,0x31A6,0xFFDF,0xFFDF,0xFFFF,0x6B6D,
  0x0000,0x0000,0x0000,0x18C3,0xAD75,0xD69A,0x0000,0x3186,0xFFFF,0xA534,0x0000,0x39C7,
  0xFFDF,0xFFDF,0xFFDF,0xCE79,0x0000,0x1082,0xE73C,0xFFFF,0xFFFF,0xFFFF,0xFFFF,0xFFFF,
  0xFFFF,0xFFFF,0xFFFF,0xFFFF,0xFFFF,0xFFFF,0xFFFF,0xFFFF,0xFFFF,0xFFFF,0xFFFF,0xEF5D,
  0x4A69,0xF79E,0xFFFF,0xFFFF,0xFFFF,0xFFFF,0xFFFF,0xFFFF,0xFFDF,0xFFFF,0x6B4D,0x9492,
  0xFFFF,0xFFDF,0xFFFF,0xFFFF,0xFFFF,0xFFFF,0xFFFF,0xFFFF,0xF679,0xD2AA,0xD2CA,0xCA69,
  0xCA89,0xD2AA,0xD2CA,0xCAAA,0xCA89,0xCA89,0xDB8D,0xFFBE,0xFFFF,0xC617,0x0000,0x2104,
  0xF79E,0xFFFF,0xFFFF,0xCE79,0x0000,0x18C3,0xEF5D,0xFFFF,0xFFFF,0xA514,0x0000,0x39C7,
  0xFFFF,0xFFDF,0xFFFF,0x6B6D,0x0000,0x2104,0x31A6,0x0000,0x632C,0x94B2,0x0000,0x2965,
  0xFFFF,0xA534,0x0000,0x39C7,0xFFFF,0xFFFF,0xFFFF,0xD69A,0x0000,0x1082,0xE73C,0xFFFF,
  0xFFFF,0xFFFF,0xFFFF,0xFFFF,0xFFFF,0xFFFF,0xFFFF,0xFFFF,0xFFFF,0xFFFF,0xFFFF,0xFFFF,
  0xFFFF,0xFFFF,0xFFFF,0xEF5D,0x4A69,0xF79E,0xFFFF,0xFFFF,0xFFFF,0xFFFF,0xFFFF,0xFFFF,
  0xFFDF,0xFFFF,0x6B4D,0x9492,0xFFFF,0xFFDF,0xFFFF,0xFFFF,0xFFFF,0xFFFF,0xFFFF,0xFFFF,
  0xFFFF,0xFFFF,0xFFFF,0xFFFF,0xFFFF,0xFFFF,0xFFFF,0xFFFF,0xFFFF,0xFFFF,0xFFFF,0xFFDF,
  0xFFFF,0xC618,0x0000,0x18E3,0xEF7E,0xFFFF,0xFFFF,0xCE79,0x0000,0x10A2,0xE73C,0xFFFF,
  0xFFFF,0xA514,0x0000,0x39C6,0xFFFF,0xFFDF,0xFFFF,0x738D,0x0000,0x8C51,0xEF7D,0x5AEB,
  0x18C3,0x0000,0x0000,0x2965,0xFFFF,0xA534,0x0000,0x31A6,0xFFFF,0xFFFF,0xFFFF,0xD69A,
  0x0000,0x1082,0xE73C,0xFFFF,0xFFFF,0xFFFF,0xFFFF,0xFFFF,0xFFFF,0xFFFF,0xFFFF,0xFFFF,
  0xFFFF,0xFFFF,0xFFFF,0xFFFF,0xFFFF,0xFFFF,0xFFFF,0xEF5D,0x4A69,0xF79E,0xFFFF,0xFFFF,
  0xFFFF,0xFFFF,0xFFFF,0xFFFF,0xFFDF,0xFFFF,0x6B4D,0x9492,0xFFFF,0xFFDF,0xFFFF,0xFFFF,
  0xFFFF,0xFFFF,0xFFFF,0xFFFF,0xFFFF,0xFFFF,0xFFBE,0xDBAE,0xD32B,0xDB4C,0xD30B,0xD2EB,
  0xD30B,0xD30B,0xDBCE,0xFFBE,0xFFFF,0xC618,0x0000,0x18E3,0xEF7D,0xFFDF,0xFFDF,0xCE59,
  0x0000,0x18C3,0xEF5D,0xFFDF,0xFFDF,0x9CF3,0x0000,0x31A6,0xFFDF,0xF7BF,0xFFFF,0x73AE,
  0x0000,0x7BEF,0xFFFF,0xFFFF,0x4208,0x0000,0x0000,0x3186,0xFFFF,0xA534,0x0000,0x39A6,
  0xFFDF,0xF7BE,0xFFDF,0xD69A,0x0020,0x1082,0xE73C,0xFFFF,0xFFFF,0xFFFF,0xFFFF,0xFFFF,
  0xFFDF,0xFFFF,0xE73C,0x7BCF,0x7BCF,0xD6BA,0xFFFF,0xFFFF,0xFFFF,0xFFFF,0xFFFF,0xEF5D,
  0x4A69,0xF79E,0xFFFF,0xFFFF,0xFFFF,0xFFFF,0xFFFF,0xFFFF,0xFFDF,0xFFFF,0x6B4D,0x94B2,
  0xFFFF,0xFFDF,0xFFFF,0xFFFF,0xFFFF,0xFFFF,0xFFFF,0xFFFF,0xFFFF,0xFFFF,0xFFDF,0xF638,
  0xEDF7,0xF617,0xEDF7,0xEDF7,0xEDF7,0xEDF7,0xF638,0xFFDF,0xFFFF,0xC618,0x0000,0x2104,
  0xFFFF,0xFFFF,0xFFFF,0xDEDB,0x0000,0x1082,0xEF5D,0xFFFF,0xFFFF,0xA534,0x0000,0x39C7,
  0xFFFF,0xFFFF,0xFFFF,0x73AE,0x0000,0x7BEF,0xFFFF,0xF7BE,0xB5B6,0x6B6D,0x0000,0x31A6,
  0xFFFF,0xA534,0x0000,0x39E7,0xFFFF,0xFFFF,0xFFFF,0xE71C,0x0000,0x0861,0xEF5D,0xFFFF,
  0xFFFF,0xFFFF,0xFFFF,0xFFFF,0xFFFF,0xE71C,0x8410,0xC618,0xCE59,0x8410,0xC638,0xFFFF,
  0xFFFF,0xFFFF,0xFFFF,0xEF7D,0x4A69,0xF79E,0xFFFF,0xFFFF,0xFFFF,0xFFFF,0xFFFF,0xFFFF,
  0xFFDF,0xFFFF,0x6B4D,0x94B2,0xFFFF,0xFFDF,0xFFFF,0xFFFF,0xFFFF,0xFFFF,0xFFFF,0xFFFF,
  0xFFFF,0xFFFF,0xFFFF,0xFFFF,0xFFFF,0xFFFF,0xFFFF,0xFFFF,0xFFFF,0xFFFF,0xFFFF,0xFFFF,
  0xFFFF,0xC618,0x0020,0x10A2,0x8C71,0x8C71,0x8C71,0x738E,0x18C3,0x39E7,0xEF7D,0xF7BE,
  0x9CF3,0x5AEB,0x0000,0x2124,0x94B2,0xCE59,0xFFFF,0x738E,0x0020,0x7BEF,0xFFFF,0xF7BE,
  0xFFFF,0xCE59,0x0020,0x3186,0xFFFF,0xB5B6,0x2104,0x2965,0x8C71,0x8C71,0x9492,0x7BCF,
  0x18A2,0x39A6,0xEF5D,0xFFFF,0xFFDF,0xFFDF,0xFFFF,0xCE79,0xA534,0x738E,0xCE79,0xFFFF,
  0xFFFF,0xEF7D,0x632C,0xFFFF,0xFFFF,0xFFDF,0xFFFF,0xEF7D,0x4A69,0xF79E,0xFFFF,0xFFFF,
  0xFFFF,0xFFFF,0xFFFF,0xFFFF,0xFFFF,0xFFFF,0x6B4D,0x9492,0xFFFF,0xFFDF,0xFFFF,0xFFFF,
  0xFFFF,0xFFFF,0xFFFF,0xFFFF,0xFFFF,0xFFFF,0xFFFF,0xFFFF,0xFFFF,0xFFFF,0xFFFF,0xFFFF,
  0xFFFF,0xFFFF,0xFFFF,0xFFDF,0xFFFF,0xBDD7,0x0000,0x0000,0x0000,0x0000,0x0000,0x0000,
  0x9CB2,0xFFDF,0xFFFF,0xDEDB,0x0000,0x0000,0x0000,0x0000,0x0000,0x6B6D,0xFFFF,0x632C,
  0x0000,0x73AE,0xFFFF,0xF7BE,0xFFFF,0xB5B6,0x0000,0x2144,0xFFFF,0xF7BE,0xF7BE,0x2965,
  0x0000,0x0000,0x0000,0x0000,0x7BCF,0xFFFF,0xFFDF,0xFFFF,0xFFDF,0xFFFF,0xAD75,0x7BEF,
  0x7BEF,0xC618,0xFFFF,0xF7BE,0xFFFF,0xB5D7,0xAD75,0xAD75,0xE71C,0xFFFF,0xFFFF,0xEF7D,
  0x528A,0xF79E,0xFFFF,0xFFFF,0xFFFF,0xFFFF,0xFFFF,0xFFFF,0xFFDF,0xFFFF,0x6B4D,0x9492,
  0xFFFF,0xFFDF,0xFFFF,0xFFFF,0xFFFF,0xFFFF,0xFFFF,0xFFFF,0xFFFF,0xFFFF,0xFFFF,0xFFFF,
  0xFFFF,0xFFFF,0xFFFF,0xFFFF,0xFFFF,0xFFFF,0xFFFF,0xFFFF,0xFFFF,0xDEDB,0x6B4D,0x6B6D,
  0x6B6D,0x6B6D,0x738E,0x6B4D,0xCE59,0xFFFF,0xFFFF,0xEF7D,0x73AE,0x6B6D,0x6B4D,0x6B6D,
  0x6B4D,0xB5B6,0xFFFF,0xAD55,0x632C,0xB596,0xFFFF,0xFFDF,0xFFFF,0xDEDB,0x632C,0x8C51,
  0xFFFF,0xFFFF,0xFFFF,0x8C71,0x6B4D,0x738E,0x738E,0x6B4D,0xBDD7,0xFFFF,0xFFDF,0xFFFF,
  0xFFDF,0xAD75,0x8C71,0xF7BE,0xFFFF,0xFFFF,0xFFFF,0xFFFF,0xFFFF,0xDEFB,0xFFFF,0xD69A,
  0x8410,0xEF5D,0xFFFF,0xEF5D,0x4A69,0xF79E,0xFFFF,0xFFFF,0xFFFF,0xFFFF,0xFFFF,0xFFFF,
  0xFFDF,0xFFFF,0x6B4D,0x94B2,0xFFFF,0xFFDF,0xFFFF,0xFFFF,0xFFFF,0xFFFF,0xFFFF,0xFFFF,
  0xFFFF,0xFFFF,0xFFFF,0xFFFF,0xFFFF,0xFFFF,0xFFFF,0xFFFF,0xFFFF,0xFFFF,0xFFFF,0xFFFF,
  0xFFFF,0xFFFF,0xFFFF,0xFFFF,0xFFFF,0xFFFF,0xFFFF,0xFFFF,0xFFFF,0xFFFF,0xFFFF,0xFFFF,
  0xFFFF,0xFFFF,0xFFFF,0xFFFF,0xFFFF,0xFFFF,0xFFFF,0xFFFF,0xFFFF,0xFFFF,0xFFFF,0xFFFF,
  0xFFFF,0xFFFF,0xFFFF,0xFFFF,0xFFFF,0xFFFF,0xFFFF,0xFFFF,0xFFFF,0xFFFF,0xFFFF,0xFFFF,
  0xFFFF,0xFFFF,0xFFFF,0xFFFF,0xE73C,0x6B6D,0xEF5D,0xEF7D,0xE73C,0xE73C,0xEF5D,0xEF5D,
  0xEF5D,0xEF7D,0xE73C,0xF7BE,0xAD55,0x9CD3,0xFFFF,0xEF5D,0x4A69,0xF79E,0xFFFF,0xFFFF,
  0xFFFF,0xFFFF,0xFFFF,0xFFFF,0xFFDF,0xFFFF,0x6B4D,0x94B2,0xFFFF,0xFFDF,0xFFFF,0xFFFF,
  0xFFFF,0xFFFF,0xFFFF,0xFFFF,0xFFFF,0xFFFF,0xFFFF,0xFFFF,0xFFFF,0xFFFF,0xFFFF,0xFFFF,
  0xFFFF,0xFFFF,0xFFFF,0xFFFF,0xFFFF,0xFFFF,0xFFDF,0xFFDF,0xFFDF,0xFFDF,0xFFDF,0xFFDF,
  0xFFFF,0xFFFF,0xFFFF,0xFFFF,0xFFDF,0xFFDF,0xFFDF,0xFFDF,0xFFDF,0xFFFF,0xFFFF,0xFFFF,
  0xFFDF,0xFFFF,0xFFFF,0xFFFF,0xFFFF,0xFFFF,0xFFDF,0xFFDF,0xFFFF,0xFFFF,0xFFFF,0xFFFF,
  0xFFFF,0xFFDF,0xFFDF,0xFFDF,0xFFFF,0xFFFF,0xFFFF,0xFFFF,0xFFFF,0xC618,0x632C,0x73AE,
  0x73AE,0x738E,0x6B6D,0x6B6D,0x6B6D,0x6B6D,0x738E,0x632C,0x8410,0xF79E,0xFFFF,0xEF5D,
  0x4A69,0xF79E,0xFFFF,0xFFFF,0xFFFF,0xFFFF,0xFFFF,0xFFFF,0xFFDF,0xFFFF,0x6B4D,0x94B2,
  0xFFFF,0xFFDF,0xFFFF,0xFFFF,0xFFFF,0xFFFF,0xFFFF,0xFFFF,0xDEDB,0xCE79,0xFFDF,0xFFFF,
  0xFFFF,0xFFFF,0xFFFF,0xFFFF,0xFFFF,0xFFFF,0xFFFF,0xFFFF,0xFFFF,0xFFFF,0xFFFF,0xFFFF,
  0xFFFF,0xFFFF,0xFFFF,0xFFFF,0xFFFF,0xFFFF,0xFFFF,0xFFFF,0xFFFF,0xFFFF,0xFFFF,0xFFFF,
  0xFFFF,0xFFFF,0xFFFF,0xFFFF,0xFFFF,0xFFFF,0xFFFF,0xFFFF,0xFFFF,0xFFFF,0xFFFF,0xFFFF,
  0xFFFF,0xFFFF,0xFFFF,0xFFFF,0xFFFF,0xFFFF,0xFFFF,0xFFFF,0xFFFF,0xFFFF,0xFFFF,0xFFFF,
  0xFFFF,0xFFFF,0xFFDF,0xFFDF,0xFFFF,0xFFFF,0xFFDF,0xFFDF,0xFFDF,0xFFDF,0xFFFF,0xFFDF,
  0xFFFF,0xFFFF,0xFFFF,0xEF7D,0x4A69,0xF79E,0xFFFF,0xFFFF,0xFFFF,0xFFFF,0xFFFF,0xFFFF,
  0xFFDF,0xFFFF,0x6B4D,0x94B2,0xFFFF,0xFFDF,0xFFFF,0xFFFF,0xFFFF,0xFFFF,0xFFFF,0xAD55,
  0x7BAF,0x7BCF,0x8C51,0xF79E,0xFFFF,0xFFFF,0xFFFF,0xFFFF,0xFFFF,0xFFFF,0xFFFF,0xFFFF,
  0xFFFF,0xFFFF,0xFFFF,0xFFFF,0xFFFF,0xFFFF,0xFFFF,0xFFFF,0xFFFF,0xFFFF,0xFFFF,0xFFFF,
  0xFFFF,0xFFFF,0xFFFF,0xFFFF,0xFFFF,0xFFFF,0xFFFF,0xFFFF,0xFFFF,0xFFFF,0xFFFF,0xFFFF,
  0xFFFF,0xFFFF,0xFFFF,0xFFFF,0xFFFF,0xFFFF,0xFFFF,0xFFFF,0xFFFF,0xFFFF,0xFFFF,0xFFFF,
  0xFFFF,0xFFFF,0xFFFF,0xFFFF,0xFFFF,0xFFFF,0xFFFF,0xFFFF,0xFFFF,0xFFFF,0xFFFF,0xFFFF,
  0xFFFF,0xFFFF,0xFFFF,0xFFFF,0xFFFF,0xFFFF,0xFFFF,0xEF5D,0x4A69,0xF79E,0xFFFF,0xFFFF,
  0xFFFF,0xFFFF,0xFFFF,0xFFFF,0xFFDF,0xFFFF,0x6B6D,0x94B2,0xFFFF,0xFFDF,0xFFFF,0xFFFF,
  0xFFFF,0xFFFF,0xB596,0x8430,0xFFFF,0xFFFF,0xBDD7,0x9492,0xFFFF,0xFFFF,0xFFFF,0xFFFF,
  0xFFFF,0xFFFF,0xFFFF,0xFFFF,0xFFFF,0xFFFF,0xFFFF,0xFFFF,0xFFFF,0xFFFF,0xFFFF,0xFFFF,
  0xFFFF,0xFFFF,0xFFFF,0xFFFF,0xFFFF,0xFFFF,0xFFFF,0xFFFF,0xFFFF,0xFFFF,0xFFFF,0xFFFF,
  0xFFFF,0xFFFF,0xFFFF,0xFFFF,0xFFFF,0xFFFF,0xFFFF,0xFFFF,0xFFFF,0xFFFF,0xFFFF,0xFFFF,
  0xFFFF,0xFFFF,0xFFFF,0xFFFF,0xFFFF,0xFFFF,0xFFFF,0xFFFF,0xFFFF,0xFFFF,0xFFFF,0xFFFF,
  0xFFFF,0xFFFF,0xFFFF,0xFFFF,0xFFFF,0xFFFF,0xFFFF,0xFFFF,0xFFFF,0xFFFF,0xFFFF,0xEF5D,
  0x4A69,0xF79E,0xFFFF,0xFFFF,0xFFFF,0xFFFF,0xFFFF,0xFFFF,0xFFDF,0xFFFF,0x6B4D,0x94B2,
  0xFFFF,0xFFDF,0xFFFF,0xF7BE,0x8430,0x632C,0x8C51,0xEF7D,0xFFDF,0xFFFF,0xE71C,0x528A,
  0x6B4C,0xBDD6,0xFFFF,0xFFFF,0xFFFF,0xFFFF,0xFFFF,0xFFFF,0xFFFF,0xFFFF,0xFFFF,0xFFFF,
  0xFFFF,0xFFFF,0xFFFF,0xFFFF,0xFFFF,0xFFFF,0xFFFF,0xFFFF,0xFFFF,0xFFFF,0xFFFF,0xFFFF,
  0xFFFF,0xFFFF,0xFFFF,0xFFFF,0xFFFF,0xFFFF,0xFFFF,0xFFFF,0xFFFF,0xFFFF,0xFFFF,0xFFFF,
  0xFFFF,0xFFFF,0xFFFF,0xFFFF,0xFFFF,0xFFFF,0xFFFF,0xFFFF,0xFFFF,0xFFFF,0xFFFF,0xFFFF,
  0xFFFF,0xFFFF,0xFFFF,0xFFFF,0xFFFF,0xFFFF,0xFFFF,0xFFFF,0xFFFF,0xFFFF,0xFFFF,0xFFFF,
  0xFFFF,0xFFFF,0xFFFF,0xEF5D,0x4A69,0xF79E,0xFFFF,0xFFFF,0xFFFF,0xFFFF,0xFFFF,0xFFFF,
  0xFFDF,0xFFFF,0x6B4D,0x94B2,0xFFFF,0xFFDF,0xEF7D,0x6B6D,0xB5B6,0xDEFB,0xEF7D,0xFFFF,
  0xF7BF,0xFFFF,0xAD75,0xD69A,0xDEDB,0x8410,0xBDD7,0xFFFF,0xFFFF,0xFFFF,0xFFFF,0xFFFF,
  0xFFFF,0xFFFF,0xFFFF,0xFFFF,0xFFFF,0xFFFF,0xFFFF,0xFFFF,0xFFFF,0xFFFF,0xFFFF,0xFFFF,
  0xFFFF,0xFFFF,0xFFFF,0xFFFF,0xFFFF,0xFFFF,0xFFFF,0xFFFF,0xFFFF,0xFFFF,0xFFFF,0xFFFF,
  0xFFFF,0xFFFF,0xFFFF,0xFFFF,0xFFFF,0xFFFF,0xFFFF,0xFFFF,0xFFFF,0xFFFF,0xFFFF,0xFFFF,
  0xFFFF,0xFFFF,0xFFFF,0xFFFF,0xFFFF,0xFFFF,0xFFFF,0xFFFF,0xFFFF,0xFFFF,0xFFFF,0xFFFF,
  0xFFFF,0xFFFF,0xFFFF,0xFFFF,0xFFFF,0xFFFF,0xFFFF,0xEF5D,0x4A69,0xF79E,0xFFFF,0xFFFF,
  0xFFFF,0xFFFF,0xFFFF,0xFFFF,0xFFDF,0xFFFF,0x6B6D,0x94B2,0xFFFF,0xFFDF,0x9492,0xCE59,
  0xFFFF,0xFFFF,0xFFFF,0xFFFF,0xFFFF,0xFFFF,0xFFFF,0xFFFF,0xFFFF,0xD6BA,0x6B6D,0xFFFF,
  0xFFFF,0xFFFF,0xFFFF,0xFFFF,0xFFFF,0xFFFF,0xFFFF,0xFFFF,0xFFFF,0xFFFF,0xFFFF,0xFFFF,
  0xFFFF,0xFFFF,0xFFFF,0xFFFF,0xFFFF,0xFFFF,0xFFFF,0xFFFF,0xFFDF,0xFFDF,0xFFFF,0xFFDF,
  0xFFDF,0xFFDF,0xFFDF,0xFFDF,0xFFDF,0xFFFF,0xFFFF,0xFFFF,0xFFFF,0xFFFF,0xFFFF,0xFFFF,
  0xFFFF,0xFFFF,0xFFFF,0xFFFF,0xFFFF,0xFFFF,0xFFFF,0xFFFF,0xFFFF,0xFFFF,0xFFFF,0xFFFF,
  0xFFFF,0xFFFF,0xFFFF,0xFFFF,0xFFFF,0xFFFF,0xFFFF,0xFFFF,0xFFFF,0xFFFF,0xFFFF,0xEF5D,
  0x4A69,0xF79E,0xFFFF,0xFFFF,0xFFFF,0xFFFF,0xFFFF,0xFFFF,0xFFDF,0xFFFF,0x6B6D,0x94B2,
  0xFFFF,0xFFFF,0x8C92,0xA534,0xAD75,0xAD75,0xB596,0xB596,0xB596,0xB596,0xAD75,0xAD75,
  0xAD75,0x8410,0xD69A,0xFFFF,0xFFFF,0xFFFF,0xFFFF,0xFFFF,0xFFFF,0xFFFF,0xFFFF,0xFFFF,
  0xFFFF,0xFFFF,0xFFFF,0xFFFF,0xFFFF,0xFFFF,0xFFFF,0xFFFF,0xFFFF,0xFFFF,0xFFFF,0xFFFF,
  0xFFFF,0xFFFF,0xFFFF,0xFFFF,0xFFFF,0xFFFF,0xFFFF,0xFFFF,0xFFFF,0xFFFF,0xFFFF,0xFFFF,
  0xFFFF,0xFFFF,0xFFFF,0xFFFF,0xFFFF,0xFFFF,0xFFFF,0xFFFF,0xFFFF,0xFFFF,0xFFFF,0xFFFF,
  0xFFFF,0xFFFF,0xFFFF,0xFFFF,0xFFFF,0xFFFF,0xFFFF,0xFFFF,0xFFFF,0xFFFF,0xFFFF,0xFFFF,
  0xFFFF,0xFFFF,0xFFFF,0xEF7D,0x4A69,0xF79E,0xFFFF,0xFFFF,0xFFFF,0xFFFF,0xFFFF,0xFFFF,
  0xFFDF,0xFFFF,0x6B4D,0x94B2,0xFFFF,0xFFFF,0xFFFF,0xA514,0x94B2,0x9CD3,0x9CD3,0x9CD3,
  0x9CD3,0x9CD3,0x94B2,0x94B2,0x9492,0xDEDB,0xFFFF,0xFFFF,0xFFFF,0xFFFF,0xFFFF,0xFFFF,
  0xFFFF,0xFFFF,0xFFFF,0xFFFF,0xFFFF,0xFFFF,0xFFFF,0xFFFF,0xFFFF,0xFFFF,0xFFFF,0xFFFF,
  0xFFFF,0xFFFF,0xFFFF,0xEF5D,0x738E,0x6B4D,0x6B6D,0x6B6D,0x6B6D,0x6B6D,0x6B6D,0x6B6D,
  0x632C,0xAD75,0xFFFF,0xFFDF,0xFFFF,0xFFFF,0xFFFF,0xFFFF,0xFFFF,0xFFFF,0xFFFF,0xFFFF,
  0xFFFF,0xFFFF,0xFFFF,0xFFFF,0xFFFF,0xFFFF,0xFFFF,0xFFFF,0xFFFF,0xFFFF,0xFFFF,0xFFFF,
  0xFFFF,0xFFFF,0xFFFF,0xFFFF,0xFFFF,0xFFFF,0xFFFF,0xEF7D,0x4A69,0xF79E,0xFFFF,0xFFFF,
  0xFFFF,0xFFFF,0xFFFF,0xFFFF,0xFFDF,0xFFFF,0x6B4D,0x94B2,0xFFFF,0xFFDF,0xFFFF,0xFFFF,
  0xFFFF,0xFFFF,0xFFFF,0xFFFF,0xFFFF,0xFFFF,0xFFFF,0xFFFF,0xFFFF,0xFFFF,0xFFFF,0xFFFF,
  0xFFFF,0xFFFF,0xFFFF,0xFFFF,0xFFFF,0xFFFF,0xFFFF,0xFFFF,0xFFFF,0xFFFF,0xFFFF,0xFFFF,
  0xFFFF,0xFFFF,0xFFFF,0xFFFF,0xFFFF,0xFFFF,0xFFFF,0xEF5D,0x0000,0x0000,0x0000,0x0000,
  0x0000,0x0000,0x0000,0x0000,0x0000,0x738E,0xFFFF,0xFFFF,0xFFFF,0xFFFF,0xFFFF,0xFFFF,
  0xFFFF,0xFFFF,0xFFFF,0xFFFF,0xFFFF,0xFFFF,0xFFFF,0xFFFF,0xFFFF,0xFFFF,0xFFFF,0xFFFF,
  0xFFFF,0xFFFF,0xFFFF,0xFFFF,0xFFFF,0xFFFF,0xFFFF,0xFFFF,0xFFFF,0xFFFF,0xFFFF,0xEF5D,
  0x4A69,0xF7BE,0xFFFF,0xFFFF,0xFFFF,0xFFFF,0xFFFF,0xFFFF,0xFFDF,0xFFFF,0x6B6D,0x94B2,
  0xFFFF,0xFFDF,0xFFFF,0xFFDF,0xFFDF,0xFFDF,0xFFFF,0xFFDF,0xFFDF,0xFFFF,0xFFDF,0xFFFF,
  0xFFDF,0xFFFF,0xFFFF,0xFFFF,0xFFFF,0xFFFF,0xFFFF,0xFFFF,0xFFFF,0xFFFF,0xFFFF,0xFFFF,
  0xFFFF,0xFFFF,0xFFFF,0xFFFF,0xFFFF,0xFFFF,0xFFFF,0xFFFF,0xFFFF,0xEF7D,0x632C,0x4A69,
  0x1082,0x0020,0x5AEB,0x9CF3,0x528A,0x0020,0x0841,0x0841,0x0841,0x2965,0x5ACB,0x4A69,
  0x9CD3,0xFFFF,0xFFFF,0xFFFF,0xFFFF,0xFFFF,0xFFFF,0xFFFF,0xFFFF,0xFFFF,0xFFFF,0xFFFF,
  0xFFFF,0xFFFF,0xFFFF,0xFFFF,0xFFFF,0xFFFF,0xFFFF,0xFFFF,0xFFFF,0xFFFF,0xFFFF,0xFFFF,
  0xFFFF,0xFFFF,0xFFFF,0xEF5D,0x4A69,0xF7BE,0xFFFF,0xFFFF,0xFFFF,0xFFFF,0xFFFF,0xFFFF,
  0xFFDF,0xFFFF,0x6B4D,0x94B2,0xFFFF,0xFFDF,0xFFFF,0xFFFF,0xFFFF,0xFFFF,0xFFFF,0xFFFF,
  0xFFFF,0xFFFF,0xFFFF,0xFFFF,0xFFFF,0xFFFF,0xFFFF,0xFFFF,0xFFFF,0xFFFF,0xFFFF,0xFFFF,
  0xFFFF,0xFFFF,0xFFFF,0xFFFF,0xFFFF,0xFFFF,0xFFFF,0xFFFF,0xFFFF,0xFFFF,0xFFFF,0xFFFF,
  0xFFFF,0xE73C,0x0020,0x0000,0x0841,0x0000,0xAD55,0xFFFF,0x8C71,0x0000,0x0020,0x0020,
  0x0841,0x0000,0x0000,0x0000,0x630C,0xFFFF,0xFFDF,0xFFFF,0xFFFF,0xFFFF,0xFFFF,0xFFFF,
  0xFFFF,0xFFFF,0xFFFF,0xFFFF,0xFFFF,0xFFFF,0xFFFF,0xFFFF,0xFFFF,0xFFFF,0xFFFF,0xFFFF,
  0xFFFF,0xFFFF,0xFFFF,0xFFFF,0xFFFF,0xFFFF,0xFFFF,0xEF5D,0x4A69,0xF79E,0xFFFF,0xFFFF,
  0xFFFF,0xFFFF,0xFFFF,0xFFFF,0xFFDF,0xFFFF,0x6B4D,0x94B2,0xFFFF,0xFFDF,0xFFFF,0xFFFF,
  0xFFFF,0xFFFF,0xFFFF,0xFFFF,0xFFFF,0xFFFF,0xFFFF,0xFFFF,0xFFFF,0xFFFF,0xFFFF,0xFFFF,
  0xFFFF,0xFFFF,0xFFFF,0xFFFF,0xFFFF,0xFFFF,0xFFFF,0xFFFF,0xFFFF,0xFFFF,0xFFFF,0xFFFF,
  0xFFFF,0xFFFF,0xFFFF,0xFFFF,0xFFFF,0xE73C,0x10A2,0x0000,0x0020,0x0000,0x8430,0xDEDB,
  0x6B6D,0x0000,0x0020,0x0020,0x0020,0x0020,0x0841,0x0000,0x6B4D,0xFFFF,0xFFDF,0xFFFF,
  0xFFFF,0xFFFF,0xFFFF,0xFFFF,0xFFFF,0xFFFF,0xFFFF,0xFFFF,0xFFFF,0xFFFF,0xFFFF,0xFFFF,
  0xFFFF,0xFFFF,0xFFFF,0xFFFF,0xFFFF,0xFFFF,0xFFFF,0xFFFF,0xFFFF,0xFFFF,0xFFFF,0xEF5D,
  0x4A69,0xF79E,0xFFFF,0xFFFF,0xFFFF,0xFFFF,0xFFFF,0xFFFF,0xFFDF,0xFFFF,0x6B4D,0x94B2,
  0xFFFF,0xFFDF,0xFFFF,0xFFFF,0xFFFF,0xFFFF,0xFFFF,0xFFFF,0xFFFF,0xFFFF,0xFFFF,0xFFFF,
  0xFFFF,0xFFFF,0xFFFF,0xFFFF,0xFFFF,0xFFFF,0xFFFF,0xFFFF,0xFFFF,0xFFFF,0xFFFF,0xFFFF,
  0xFFFF,0xFFFF,0xFFFF,0xFFFF,0xFFFF,0xFFFF,0xFFFF,0xFFFF,0xFFFF,0xE73C,0x10A2,0x0000,
  0x0020,0x0000,0x0841,0x1082,0x0841,0x0020,0x0841,0x0020,0x0020,0x0020,0x0861,0x0020,
  0x6B6D,0xFFFF,0xFFDF,0xFFFF,0xFFFF,0xFFFF,0xFFFF,0xFFFF,0xFFFF,0xFFFF,0xFFFF,0xFFFF,
  0xFFFF,0xFFFF,0xFFFF,0xFFFF,0xFFFF,0xFFFF,0xFFFF,0xFFFF,0xFFFF,0xFFFF,0xFFFF,0xFFFF,
  0xFFFF,0xFFFF,0xFFFF,0xEF5D,0x4A69,0xF79E,0xFFFF,0xFFFF,0xFFFF,0xFFFF,0xFFFF,0xFFFF,
  0xFFDF,0xFFFF,0x6B4D,0x94B2,0xFFFF,0xFFDF,0xFFFF,0xFFFF,0xFFFF,0xFFFF,0xFFFF,0xFFFF,
  0xFFFF,0xFFFF,0xFFFF,0xFFFF,0xFFFF,0xFFFF,0xFFFF,0xFFFF,0xFFFF,0xFFFF,0xFFFF,0xFFFF,
  0xFFFF,0xFFFF,0xFFFF,0xFFFF,0xFFFF,0xFFFF,0xFFFF,0xFFFF,0xFFFF,0xFFFF,0xFFFF,0xFFFF,
  0xFFFF,0xE73C,0x10A2,0x0000,0x0820,0x0000,0x0000,0x0000,0x0000,0x0000,0x0000,0x0000,
  0x0000,0x0000,0x0000,0x0000,0x630C,0xFFFF,0xFFDF,0xFFFF,0xFFFF,0xFFFF,0xFFFF,0xFFFF,
  0xFFFF,0xFFFF,0xFFFF,0xFFFF,0xFFFF,0xFFFF,0xFFFF,0xFFFF,0xFFFF,0xFFFF,0xFFFF,0xFFFF,
  0xFFFF,0xFFFF,0xFFFF,0xFFFF,0xFFFF,0xFFFF,0xFFFF,0xEF5D,0x4A69,0xF79E,0xFFFF,0xFFFF,
  0xFFFF,0xFFFF,0xFFFF,0xFFFF,0xFFDF,0xFFFF,0x6B4D,0x94B2,0xFFFF,0xFFDF,0xFFFF,0xFFFF,
  0xFFFF,0xFFFF,0xFFFF,0xFFFF,0xFFFF,0xFFFF,0xFFFF,0xFFFF,0xFFFF,0xFFFF,0xFFFF,0xFFFF,
  0xFFFF,0xFFFF,0xFFFF,0xFFFF,0xFFFF,0xFFFF,0xFFFF,0xFFFF,0xFFFF,0xFFFF,0xFFFF,0xFFFF,
  0xFFFF,0xFFFF,0xFFFF,0xFFFF,0xFFFF,0xE73C,0x1082,0x0000,0x0840,0x0020,0x0000,0x0000,
  0x0000,0x0861,0x632C,0x6B4D,0x632C,0x6B4D,0x6B6D,0x630C,0xA534,0xFFFF,0xFFFF,0xFFFF,
  0xFFFF,0xFFFF,0xFFFF,0xFFFF,0xFFFF,0xFFFF,0xFFFF,0xFFFF,0xFFFF,0xFFFF,0xFFFF,0xF7BE,
  0xDEDB,0xEF5D,0xFFFF,0xFFFF,0xFFFF,0xFFFF,0xFFFF,0xFFFF,0xFFFF,0xFFFF,0xFFFF,0xEF5D,
  0x4A69,0xF79E,0xFFFF,0xFFFF,0xFFFF,0xFFFF,0xFFFF,0xFFFF,0xFFDF,0xFFFF,0x6B4D,0x94B2,
  0xFFFF,0xFFDF,0xFFFF,0xFFFF,0xFFFF,0xFFFF,0xFFFF,0xFFFF,0xFFFF,0xFFFF,0xFFFF,0xFFFF,
  0xFFFF,0xFFFF,0xFFFF,0xFFFF,0xFFFF,0xFFFF,0xFFFF,0xFFFF,0xFFFF,0xFFFF,0xFFFF,0xFFFF,
  0xFFFF,0xFFFF,0xFFFF,0xFFFF,0xFFFF,0xFFFF,0xFFFF,0xFFFF,0xFFFF,0xE73C,0x10A2,0x0000,
  0x0000,0x0020,0x0000,0x0000,0x0000,0x2104,0xFFFF,0xFFFF,0xFFFF,0xFFFF,0xFFFF,0xFFFF,
  0xFFFF,0xFFFF,0xFFFF,0xFFFF,0xFFFF,0xFFFF,0xFFFF,0xFFFF,0xFFFF,0xFFFF,0xFFFF,0xFFFF,
  0xFFFF,0xFFFF,0xEF7D,0x6B6D,0x0020,0x39E7,0xDEFB,0xFFFF,0xFFFF,0xFFFF,0xFFFF,0xFFFF,
  0xFFFF,0xFFFF,0xFFFF,0xEF5D,0x4A69,0xF79E,0xFFFF,0xFFFF,0xFFFF,0xFFFF,0xFFFF,0xFFFF,
  0xFFFF,0xFFFF,0x6B4D,0x94B2,0xFFFF,0xFFDF,0xFFFF,0xFFFF,0xFFFF,0xFFFF,0xFFFF,0xFFFF,
  0xFFFF,0xFFFF,0xFFFF,0xFFFF,0xFFFF,0xFFFF,0xFFFF,0xFFFF,0xFFFF,0xFFFF,0xFFFF,0xFFFF,
  0xFFFF,0xFFFF,0xFFFF,0xFFFF,0xFFFF,0xFFFF,0xFFFF,0xFFFF,0xFFFF,0xFFFF,0xFFFF,0xFFFF,
  0xFFFF,0xE73C,0x10A2,0x0000,0x0000,0x0000,0x0000,0x0020,0x0000,0x0000,0x2965,0x31A6,
  0x2965,0x9492,0xFFFF,0xFFDF,0xFFFF,0xFFFF,0xFFFF,0xFFFF,0xFFFF,0xFFFF,0xFFFF,0xFFFF,
  0xFFFF,0xFFFF,0xFFFF,0xFFFF,0xFFFF,0xFFFF,0xAD75,0x0000,0x0841,0x0000,0x8410,0xFFFF,
  0xFFDF,0xFFFF,0xFFFF,0xFFFF,0xFFFF,0xFFFF,0xFFFF,0xEF5D,0x4A69,0xF79E,0xFFFF,0xFFFF,
  0xFFFF,0xFFFF,0xFFFF,0xFFFF,0xFFDF,0xFFFF,0x6B4D,0x94B2,0xFFFF,0xFFDF,0xFFFF,0xFFFF,
  0xFFFF,0xFFFF,0xFFFF,0xFFFF,0xFFFF,0xFFFF,0xFFFF,0xFFFF,0xFFFF,0xFFFF,0xFFFF,0xFFFF,
  0xFFFF,0xFFFF,0xFFFF,0xFFFF,0xFFFF,0xFFFF,0xFFFF,0xFFFF,0xFFFF,0xFFFF,0xFFFF,0xFFFF,
  0xFFFF,0xFFFF,0xFFFF,0xFFDF,0xFFFF,0xEF7D,0x10A2,0x0000,0x0000,0x0000,0x0020,0x0000,
  0x3165,0x630C,0x52AA,0x5AEB,0x52AA,0xA534,0xFFFF,0xFFDF,0xFFFF,0xFFFF,0xFFFF,0xFFFF,
  0xFFFF,0xFFFF,0xFFFF,0xFFFF,0xFFFF,0xFFFF,0xFFFF,0xFFFF,0xFFDF,0xFFFF,0xB596,0x0000,
  0x0841,0x0000,0x8430,0xFFFF,0xFFDF,0xFFFF,0xFFFF,0xFFFF,0xFFFF,0xFFFF,0xFFFF,0xEF5D,
  0x4A69,0xF79E,0xFFFF,0xFFFF,0xFFFF,0xFFFF,0xFFFF,0xFFFF,0xFFDF,0xFFFF,0x6B4D,0x94B2,
  0xFFFF,0xFFDF,0xFFFF,0xFFFF,0xFFFF,0xFFFF,0xFFFF,0xFFFF,0xFFFF,0xFFFF,0xFFFF,0xFFFF,
  0xFFFF,0xF79E,0x73AE,0x6B4D,0x738E,0x73AE,0x736D,0xE71C,0xFFFF,0xE73C,0x4A49,0x9CF3,
  0xFFFF,0xFFFF,0xFFFF,0xFFFF,0xFFFF,0xFFFF,0xFFDF,0xFFFF,0x9CF3,0x4228,0x0861,0x0020,
  0x0000,0x0000,0x0841,0x0000,0x840F,0xFFFF,0xFFFF,0xFFFF,0xFFFF,0xFFFF,0xFFFF,0xFFFF,
  0xFFFF,0xFFFF,0xFFFF,0xFFFF,0xFFFF,0xFFFF,0xFFFF,0xFFFF,0xFFFF,0xFFFF,0xFFFF,0xFFDF,
  0xFFDF,0xFFFF,0xB5B6,0x0000,0x0020,0x0000,0x8410,0xFFFF,0xFFBF,0xFFFF,0xFFFF,0xFFFF,
  0xFFFF,0xFFFF,0xFFFF,0xEF5D,0x4A69,0xF79E,0xFFFF,0xFFFF,0xFFFF,0xFFFF,0xFFFF,0xFFFF,
  0xFFDF,0xFFFF,0x6B4D,0x94B2,0xFFFF,0xFFDF,0xFFFF,0xFFFF,0xFFFF,0xFFFF,0xFFFF,0xFFFF,
  0xFFFF,0xFFFF,0xFFFF,0xFFFF,0xFFFF,0xF7BE,0xCE79,0xCE79,0xCE79,0xCE79,0xCE79,0xF7BE,
  0xFFFF,0xD6BA,0x0000,0x6B6D,0xFFDF,0xFFDF,0xFFFF,0xFFFF,0xFFFF,0xFFFF,0xFFFF,0xBDD7,
  0x4208,0x0000,0x0000,0x0000,0x0000,0x0000,0x0020,0x0000,0x7BEF,0xFFFF,0xFFFF,0xFFFF,
  0xFFFF,0xFFFF,0xFFFF,0xFFFF,0xFFFF,0xFFFF,0xFFFF,0xFFFF,0xFFFF,0xFFFF,0xFFFF,0xFFFF,
  0xFFFF,0xFFFF,0xFFFF,0xFFFF,0xFFFF,0xFFFF,0xB5B6,0x0000,0x0020,0x0000,0x8430,0xFFFF,
  0xFFDF,0xE71C,0xFFFF,0xFFFF,0xFFFF,0xFFFF,0xFFFF,0xEF7D,0x4A69,0xF79E,0xFFFF,0xFFFF,
  0xFFFF,0xFFFF,0xFFFF,0xFFFF,0xFFDF,0xFFFF,0x6B4D,0x94B2,0xFFFF,0xFFDF,0xFFFF,0xFFFF,
  0xFFFF,0xFFFF,0xFFFF,0xFFFF,0xFFFF,0xFFFF,0xFFFF,0xFFFF,0xFFFF,0xFFFF,0xFFFF,0xFFFF,
  0xFFFF,0xFFFF,0xFFFF,0xFFFF,0xFFFF,0xD6BA,0x0000,0x7BCF,0xFFFF,0xFFDF,0xFFFF,0xFFDF,
  0xFFFF,0xC618,0x528A,0x0020,0x0000,0x0020,0x0000,0x0000,0x0000,0x0000,0x0000,0x0000,
  0x18E3,0x4208,0x4208,0xA514,0xFFFF,0xFFDF,0xFFFF,0xFFFF,0xFFFF,0xFFFF,0xFFFF,0xFFFF,
  0xFFFF,0xFFFF,0xFFFF,0xFFFF,0xFFFF,0xFFFF,0xFFFF,0xAD54,0xDEFB,0xFFFF,0xB596,0x0000,
  0x0841,0x0000,0x8430,0xFFFF,0x7BEF,0x1082,0xBDD7,0xFFFF,0xFFFF,0xFFFF,0xFFFF,0xEF7D,
  0x5269,0xF79E,0xFFFF,0xFFFF,0xFFFF,0xFFFF,0xFFFF,0xFFFF,0xFFDF,0xFFFF,0x6B4D,0x94B2,
  0xFFFF,0xFFDF,0xFFFF,0xFFFF,0xFFFF,0xFFFF,0xFFFF,0xFFFF,0xFFFF,0xFFFF,0xF7BE,0xF7BE,
  0xF79E,0xF7BE,0xF7BE,0xF7BE,0xF79E,0xEF7D,0xFFDF,0xFFFF,0xFFFF,0xD6BA,0x0841,0x31A6,
  0x8430,0xEF7D,0xFFFF,0xFFDF,0xE73C,0x7BCF,0x0000,0x0020,0x0020,0x0000,0x0000,0x0000,
  0x0000,0x0000,0x0000,0x0000,0x2104,0x4A49,0x0000,0x7BCF,0xFFFF,0xFFDF,0xFFFF,0xFFFF,
  0xFFFF,0xFFFF,0xFFFF,0xFFFF,0xFFFF,0xFFFF,0xFFFF,0xFFFF,0xFFFF,0xFFFF,0x94B2,0x0000,
  0x4208,0xFFDF,0xBDD7,0x0000,0x0841,0x0000,0x8430,0xFFFF,0x10A2,0x0000,0x52AA,0xFFFF,
  0xFFFF,0xFFFF,0xFFFF,0xEF7D,0x4A69,0xF79E,0xFFFF,0xFFFF,0xFFFF,0xFFFF,0xFFFF,0xFFFF,
  0xFFDF,0xFFFF,0x6B4D,0x94B2,0xFFFF,0xFFDF,0xFFFF,0xFFFF,0xFFFF,0xFFFF,0xFFFF,0xFFFF,
  0xFFFF,0xD6BA,0x630C,0x632C,0x632C,0x6B4D,0x6B6D,0x6B6D,0x632C,0x630C,0xE6FC,0xFFFF,
  0xFFFF,0xD6BA,0x1081,0x0000,0x0000,0x5ACB,0xFFFF,0xFFFF,0x31A6,0x0000,0x0841,0x0000,
  0x0000,0x0000,0x0000,0x0000,0x0000,0x0020,0x0840,0x0000,0x83F0,0xFFFF,0x0000,0x738E,
  0xFFFF,0xFFDF,0xFFFF,0xFFFF,0xFFFF,0xFFFF,0xFFFF,0xFFFF,0xFFFF,0xFFFF,0xFFFF,0xFFFF,
  0xFFFF,0xFFFF,0x4A69,0x0000,0x0861,0xF79E,0xBDF7,0x0000,0x0021,0x0000,0x8430,0xFFFF,
  0x2104,0x0000,0x630C,0xFFFF,0xFFFF,0xFFFF,0xFFFF,0xEF7D,0x4A69,0xF79E,0xFFFF,0xFFFF,
  0xFFFF,0xFFFF,0xFFFF,0xFFFF,0xFFDF,0xFFFF,0x6B4D,0x94B2,0xFFFF,0xFFDF,0xFFFF,0xFFFF,
  0xFFFF,0xFFFF,0xFFFF,0xFFFF,0xFFFF,0xFFDF,0xEF7D,0xEF7D,0xEF7D,0xEF7D,0xEF7D,0xEF7D,
  0xEF5D,0xEF5D,0xFFDF,0xFFFF,0xFFFF,0xDEDB,0x0861,0x0841,0x0020,0x0841,0x4228,0x4A49,
  0x0861,0x0020,0x0020,0x0000,0x0000,0x0000,0x0020,0x0000,0x0000,0x0000,0x0841,0x0000,
  0x7BCF,0xFFFF,0x9CF3,0xCE59,0xFFFF,0xFFFF,0xFFFF,0xFFFF,0xFFFF,0xFFFF,0xFFFF,0xFFFF,
  0xFFFF,0xFFFF,0xFFFF,0xFFFF,0xFFFF,0xFFFF,0x52CA,0x0000,0x18C3,0xF79E,0xBDF7,0x0000,
  0x0020,0x0000,0x8430,0xFFFF,0x2104,0x0000,0x5AEB,0xFFFF,0xFFDF,0xFFFF,0xFFFF,0xEF7D,
  0x4A69,0xF79E,0xFFFF,0xFFFF,0xFFFF,0xFFFF,0xFFFF,0xFFFF,0xFFDF,0xFFFF,0x6B4D,0x94B2,
  0xFFFF,0xFFDF,0xFFFF,0xFFFF,0xFFFF,0xFFFF,0xFFFF,0xFFFF,0xFFFF,0xFFFF,0xFFFF,0xFFFF,
  0xFFFF,0xFFFF,0xFFFF,0xFFFF,0xFFFF,0xFFFF,0xFFFF,0xFFFF,0xFFFF,0xD6BA,0x0841,0x0000,
  0x0020,0x0000,0x0000,0x0000,0x0000,0x0000,0x0000,0x0000,0x0000,0x0000,0x0020,0x0000,
  0x0000,0x0000,0x0020,0x0000,0x73AE,0xFFFF,0xFFFF,0xFFFF,0xFFFF,0xFFFF,0xFFFF,0xFFFF,
  0xFFFF,0xFFFF,0xFFFF,0xFFFF,0xFFFF,0xFFFF,0xFFFF,0xFFFF,0xFFDF,0xFFFF,0x52AA,0x0000,
  0x1082,0xEF7D,0xB5D6,0x0000,0x0841,0x0000,0x8430,0xFFFF,0x2104,0x0000,0x5ACB,0xFFFF,
  0xFFDF,0xFFFF,0xFFFF,0xEF7D,0x4A69,0xF79E,0xFFFF,0xFFFF,0xFFFF,0xFFFF,0xFFFF,0xFFFF,
  0xFFDF,0xFFFF,0x6B4D,0x94B2,0xFFFF,0xFFDF,0xFFFF,0xFFFF,0xFFFF,0xFFFF,0xFFFF,0xFFFF,
  0xFFFF,0xFFFF,0xFFFF,0xFFFF,0xFFFF,0xFFDF,0xE73C,0xDEDB,0xDEFB,0xDEFB,0xDEFB,0xFFDF,
  0xFFFF,0xF79E,0xD6BA,0x5AEB,0x0000,0x0020,0x0020,0x0020,0x0000,0x0000,0x0000,0x0000,
  0x0020,0x0000,0x0000,0x0000,0x0000,0x0000,0x0841,0x18C3,0x8C51,0xFFFF,0xF7BE,0xFFFF,
  0xFFFF,0xFFFF,0xFFFF,0xFFFF,0xFFFF,0xFFFF,0xFFFF,0xFFFF,0xFFFF,0xFFFF,0xFFFF,0xFFFF,
  0xFFFF,0xFFFF,0x5ACB,0x0000,0x1082,0xEF5D,0xB5B6,0x0000,0x0861,0x0000,0x9492,0xDEFB,
  0x10A2,0x0000,0x5AEB,0xFFFF,0xFFDF,0xFFFF,0xFFFF,0xEF5D,0x4A69,0xF79E,0xFFFF,0xFFFF,
  0xFFFF,0xFFFF,0xFFFF,0xFFFF,0xFFDF,0xFFFF,0x6B4D,0x94B2,0xFFFF,0xFFDF,0xFFFF,0xFFFF,
  0xFFFF,0xFFFF,0xFFFF,0xFFFF,0xFFFF,0xFFFF,0xFFFF,0xFFFF,0xFFFF,0xFFFF,0x9492,0x5ACB,
  0x6B4D,0x6B4D,0x630C,0xDEFB,0xFFFF,0xFFDF,0xFFFF,0x9CD3,0x31A6,0x0861,0x0020,0x0020,
  0x0020,0x0000,0x0000,0x0000,0x0000,0x0000,0x0000,0x0000,0x0020,0x0020,0x0861,0xDEBB,
  0xFFDF,0xFFFF,0xFFFF,0xFFFF,0xFFFF,0xFFFF,0xFFFF,0xFFFF,0xFFFF,0xFFFF,0xFFFF,0xFFFF,
  0xFFFF,0xFFFF,0xFFFF,0xFFFF,0xFFFF,0xFFFF,0x52AA,0x0000,0x1082,0xFFDF,0xBDD7,0x0000,
  0x0020,0x0000,0x2965,0x18E3,0x0000,0x0000,0x4A69,0xFFFF,0xFFDF,0xFFFF,0xFFFF,0xEF5D,
  0x4A69,0xF79E,0xFFFF,0xFFFF,0xFFFF,0xFFFF,0xFFFF,0xFFFF,0xFFDF,0xFFFF,0x6B4D,0x94B2,
  0xFFFF,0xFFDF,0xFFFF,0xFFFF,0xFFFF,0xFFFF,0xFFFF,0xFFFF,0xFFFF,0xFFFF,0xFFFF,0xFFFF,
  0xFFFF,0xFFFF,0xFFFF,0xFFFF,0xFFFF,0xFFFF,0xFFFF,0xFFDF,0xFFFF,0xFFFF,0xFFDF,0xFFFF,
  0xF7BE,0x2945,0x0020,0x0020,0x0020,0x0000,0x0000,0x0000,0x0020,0x0020,0x0020,0x0020,
  0x0000,0x18E3,0xCE79,0xFFDF,0xFFDF,0xFFFF,0xFFFF,0xFFFF,0xFFFF,0xFFFF,0xFFFF,0xFFFF,
  0xFFFF,0xFFFF,0xFFFF,0xFFFF,0xFFFF,0xFFFF,0xFFFF,0xFFFF,0xFFFF,0xFFFF,0x4A69,0x0000,
  0x0020,0x8430,0xB5B6,0x0000,0x0000,0x0000,0x0000,0x0000,0x0000,0x10A2,0xB5B7,0xFFFF,
  0xFFFF,0xFFFF,0xFFFF,0xEF5D,0x4A69,0xF79E,0xFFFF,0xFFFF,0xFFFF,0xFFFF,0xFFFF,0xFFFF,
  0xFFDF,0xFFFF,0x6B4D,0x94B2,0xFFFF,0xFFDF,0xFFFF,0xFFFF,0xFFFF,0xFFFF,0xFFFF,0xFFFF,
  0xFFFF,0xFFFF,0xFFFF,0xFFFF,0xFFFF,0xFFFF,0xFFFF,0xFFFF,0xFFFF,0xFFFF,0xFFFF,0xFFFF,
  0xFFFF,0xFFFF,0xFFFF,0xFFFF,0xFFDF,0xE73C,0x738E,0x0000,0x0020,0x0000,0x0000,0x0020,
  0x0000,0x0000,0x0000,0x0000,0x18C3,0xCE59,0xFFFF,0xFFFF,0xFFFF,0xFFFF,0xFFFF,0xFFFF,
  0xFFFF,0xFFFF,0xFFFF,0xFFFF,0xFFFF,0xFFFF,0xFFFF,0xFFFF,0xFFFF,0xFFFF,0xFFFF,0xFFFF,
  0xFFFF,0xFFFF,0x738E,0x1082,0x0000,0x0841,0x2124,0x0020,0x0020,0x0000,0x18C3,0x2924,
  0x528A,0xD6BA,0xFFFF,0xFFFF,0xFFFF,0xFFFF,0xFFFF,0xEF5D,0x4A69,0xF79E,0xFFFF,0xFFFF,
  0xFFFF,0xFFFF,0xFFFF,0xFFFF,0xFFDF,0xFFFF,0x6B4D,0x94B2,0xFFFF,0xFFFF,0xFFFF,0xFFFF,
  0xFFFF,0xFFFF,0xFFFF,0xFFFF,0xFFFF,0xFFFF,0xFFFF,0xFFFF,0xFFFF,0xFFFF,0xFFFF,0xFFFF,
  0xFFFF,0xFFFF,0xFFFF,0xFFFF,0xFFFF,0xFFFF,0xFFFF,0xFFFF,0xFFFF,0xFFFF,0xAD75,0x39E7,
  0x0841,0x0000,0x0000,0x0000,0x2945,0x39C7,0x39C7,0x0861,0x18C3,0xCE9A,0xFFFF,0xF79E,
  0xC638,0xD6BA,0xFFFF,0xFFFF,0xFFFF,0xFFFF,0xFFFF,0xFFFF,0xFFFF,0xFFFF,0xFFFF,0xFFFF,
  0xFFFF,0xFFFF,0xFFFF,0xFFFF,0xFFFF,0xFFFF,0xFFFF,0x9CD3,0x1082,0x0000,0x0000,0x0000,
  0x0020,0x0000,0x8410,0xFFDF,0xFFDF,0xFFFF,0xFFFF,0xFFFF,0xFFFF,0xFFFF,0xFFFF,0xEF5D,
  0x4A69,0xF79E,0xFFFF,0xFFFF,0xFFFF,0xFFFF,0xFFFF,0xFFFF,0xFFDF,0xFFFF,0x6B4D,0x94B2,
  0xFFFF,0xFFDF,0xFFFF,0xFFFF,0xFFFF,0xFFFF,0xFFFF,0xFFFF,0xFFFF,0xFFFF,0xFFFF,0xFFFF,
  0xFFFF,0xFFFF,0xFFFF,0xFFFF,0xFFFF,0xFFFF,0xFFFF,0xFFFF,0xFFFF,0xFFFF,0xFFFF,0xFFFF,
  0xFFFF,0xFFFF,0xFFFF,0xDEFB,0x1082,0x0020,0x0861,0x0020,0xBDF7,0xFFFF,0xFFFF,0x52AA,
  0x0000,0x18C3,0xF79E,0xAD55,0x0000,0x4A49,0xFFFF,0xFFFF,0xFFFF,0xFFFF,0xFFFF,0xFFFF,
  0xFFFF,0xFFFF,0xFFFF,0xFFFF,0xFFFF,0xFFFF,0xFFFF,0xFFFF,0xFFFF,0xFFFF,0xFFDF,0xFFFF,
  0xAD55,0x6B4D,0x4A69,0x0000,0x0020,0x0000,0x8410,0xFFFF,0xFFDF,0xFFFF,0xFFFF,0xFFFF,
  0xFFFF,0xFFFF,0xFFFF,0xEF5D,0x4A69,0xF79E,0xFFFF,0xFFFF,0xFFFF,0xFFFF,0xFFFF,0xFFFF,
  0xFFDF,0xFFFF,0x6B4D,0x94B2,0xFFFF,0xFFDF,0xFFFF,0xFFFF,0xFFFF,0xFFFF,0xFFFF,0xFFFF,
  0xFFFF,0xFFFF,0xFFFF,0xFFFF,0xFFFF,0xFFFF,0xFFFF,0xFFFF,0xFFFF,0xFFFF,0xFFFF,0xFFFF,
  0xFFFF,0xFFFF,0xFFFF,0xFFFF,0xFFDF,0xF7BE,0x9492,0x10A2,0x0841,0x0000,0xAD55,0xD6DB,
  0xEF7D,0xFFFF,0xFFFF,0xEF5D,0xAD55,0x0841,0x2945,0x0040,0x6B6D,0xE73D,0xFFDF,0xFFFF,
  0xFFFF,0xFFFF,0xFFFF,0xFFFF,0xFFFF,0xFFFF,0xFFFF,0xFFFF,0xFFFF,0xFFFF,0xFFFF,0xFFFF,
  0xFFFF,0xFFFF,0xFFFF,0xFFFF,0xFFFF,0xFFFF,0xBDD7,0x0000,0x0841,0x0000,0x8430,0xFFFF,
  0xFFDF,0xFFFF,0xFFFF,0xFFFF,0xFFFF,0xFFFF,0xFFFF,0xEF5D,0x4A69,0xF79E,0xFFFF,0xFFFF,
  0xFFFF,0xFFFF,0xFFFF,0xFFFF,0xFFFF,0xFFFF,0x6B4D,0x94B2,0xFFFF,0xFFDF,0xFFFF,0xFFFF,
  0xFFFF,0xFFFF,0xFFFF,0xFFFF,0xFFFF,0xFFFF,0xFFBF,0xEF5D,0xF79E,0xFFFF,0xFFDF,0xFFFF,
  0xFFFF,0xFFFF,0xFFFF,0xFFFF,0xFFFF,0xFFFF,0xFFFF,0xFFFF,0xFFDF,0x4228,0x0861,0x0000,
  0x52AA,0xC639,0xF7BE,0xFFFF,0xFFFF,0xFFFF,0xFFFF,0xFFFF,0xFFDF,0x2124,0x0000,0xA534,
  0xE73C,0xFFFF,0xFFFF,0xFFFF,0xFFFF,0xFFFF,0xFFFF,0xFFFF,0xFFFF,0xFFFF,0xFFFF,0xFFFF,
  0xFFFF,0xFFFF,0xFFFF,0xFFFF,0xFFFF,0xFFFF,0xFFFF,0xFFFF,0xFFDF,0xFFDF,0xB596,0x0000,
  0x0841,0x0000,0x8430,0xFFFF,0xFFDF,0xFFFF,0xFFFF,0xFFFF,0xFFFF,0xFFFF,0xFFFF,0xEF5D,
  0x4A69,0xF79E,0xFFFF,0xFFFF,0xFFFF,0xFFFF,0xFFFF,0xFFFF,0xFFDF,0xFFFF,0x6B6D,0x94B2,
  0xFFFF,0xFFDF,0xFFFF,0xFFFF,0xFFFF,0xFFFF,0xFFFF,0xFFFF,0xFFFF,0xF7BE,0x8410,0x4A49,
  0x5AEB,0xD6BA,0xFFFF,0xFFFF,0xFFFF,0xFFFF,0xFFFF,0xFFFF,0xFFFF,0xFFFF,0xFFFF,0xFFFF,
  0xFFDF,0x18E3,0x2124,0x9CF3,0xC638,0xFFFF,0xFFDF,0xFFFF,0xFFFF,0xFFFF,0xFFFF,0xFFDF,
  0xFFFF,0x7BCF,0x5ACB,0xFFFF,0xFFFF,0xFFDF,0xFFFF,0xFFFF,0xFFFF,0xFFFF,0xFFFF,0xFFFF,
  0xFFFF,0xFFFF,0xFFFF,0xFFFF,0xFFFF,0xFFFF,0xFFFF,0xFFFF,0xFFFF,0xFFFF,0xFFFF,0xFFFF,
  0xFFDF,0xFFFF,0xB5B6,0x0000,0x0841,0x0000,0x8410,0xFFFF,0xFFDF,0xFFFF,0xFFFF,0xFFFF,
  0xFFFF,0xFFFF,0xFFFF,0xEF5D,0x4A69,0xF79E,0xFFFF,0xFFFF,0xFFFF,0xFFFF,0xFFFF,0xFFFF,
  0xFFFF,0xFFFF,0x6B4D,0x94B2,0xFFFF,0xFFDF,0xFFFF,0xFFFF,0xFFFF,0xFFFF,0xFFFF,0xFFFF,
  0xF7BE,0x738E,0xA514,0xF7BE,0xD69A,0x6B6D,0xBDF7,0xDEFB,0xFFFF,0xFFFF,0xFFFF,0xFFFF,
  0xFFFF,0xFFFF,0xFFFF,0xFFFF,0xF7BE,0x2124,0x0020,0xE71C,0xFFFF,0xFFDF,0xFFFF,0xFFFF,
  0xFFFF,0xFFFF,0xFFFF,0xFFFF,0xFFDF,0xFFFF,0xFFFF,0xFFDF,0xFFFF,0xFFFF,0xFFFF,0xFFFF,
  0xFFFF,0xFFFF,0xFFFF,0xFFFF,0xFFFF,0xFFDF,0xFFFF,0xFFFF,0xFFFF,0xFFFF,0xFFFF,0xFFFF,
  0xFFFF,0xFFFF,0xFFFF,0xFFFF,0xFFFF,0xFFFF,0xB596,0x0000,0x0841,0x0000,0x8410,0xFFFF,
  0xFFDF,0xFFFF,0xFFFF,0xFFFF,0xFFFF,0xFFFF,0xFFFF,0xEF5D,0x4A69,0xF7BE,0xFFFF,0xFFFF,
  0xFFFF,0xFFFF,0xFFFF,0xFFFF,0xFFDF,0xFFFF,0x6B4D,0x94B2,0xFFFF,0xFFDF,0xFFDF,0xFFDF,
  0xFFDF,0xFFDF,0xFFDF,0xF79E,0x7BCF,0x9CF3,0xFFFF,0xF7BE,0xFFFF,0xBDF7,0x2945,0x8410,
  0xD67A,0xFFFF,0xFFDF,0xFFDF,0xFFDF,0xFFDF,0xFFDF,0xFFDF,0xFFDF,0xCE79,0xC618,0xEF5D,
  0xF7BE,0xFFDF,0xFFDF,0xFFDF,0xFFDF,0xFFDF,0xFFDF,0xFFDF,0xFFDF,0xFFDF,0xFFDF,0xFFDF,
  0xFFDF,0xFFDF,0xFFDF,0xFFDF,0xFFDF,0xFFDF,0xFFDF,0xFFDF,0xFFFF,0xFFFF,0xFFFF,0xFFFF,
  0xFFFF,0xFFDF,0xFFDF,0xFFDF,0xFFDF,0xFFDF,0xFFDF,0xFFDF,0xFFDF,0xFFDF,0xAD75,0x0000,
  0x0841,0x0000,0x8410,0xFFDF,0xF7BE,0xFFDF,0xFFDF,0xFFDF,0xFFDF,0xFFDF,0xFFFF,0xEF5D,
  0x4A69,0xF7BE,0xFFFF,0xFFFF,0xFFFF,0xFFFF,0xFFFF,0xFFFF,0xFFDF,0xFFFF,0x6B4D,0x94B2,
  0xFFFF,0xFFFF,0xFFFF,0xFFFF,0xFFFF,0xFFFF,0xFFFF,0x9CD3,0x738E,0xE73C,0xFFFF,0xFFFF,
  0xFFFF,0xE71C,0xBDF7,0xE73C,0x736D,0xDEFB,0xFFFF,0xFFFF,0xFFFF,0xFFFF,0xFFFF,0xFFFF,
  0xFFFF,0xFFFF,0xFFFF,0xFFFF,0xFFFF,0xFFFF,0xFFFF,0xFFFF,0xFFFF,0xFFFF,0xFFFF,0xFFFF,
  0xFFFF,0xFFFF,0xFFFF,0xFFFF,0xFFFF,0xFFFF,0xFFFF,0xFFFF,0xFFFF,0xFFFF,0xFFFF,0xFFFF,
  0xFFFF,0x94B2,0xE73D,0xC638,0xFFFF,0xFFFF,0xFFFF,0xFFFF,0xFFFF,0xFFFF,0xFFFF,0xFFFF,
  0xFFFF,0xFFFF,0xC618,0x0000,0x0841,0x0000,0x9492,0xFFFF,0xFFFF,0xFFFF,0xFFFF,0xFFFF,
  0xFFFF,0xFFFF,0xFFFF,0xEF7D,0x4A69,0xF79E,0xFFFF,0xFFFF,0xFFFF,0xFFFF,0xFFFF,0xFFFF,
  0xFFDF,0xFFFF,0x6B4D,0x9CD3,0xEF5D,0x8430,0x8430,0x8430,0x8C51,0x8C71,0x7BCF,0x18E3,
  0x5AEB,0x39E7,0x8C71,0x8C51,0x8C71,0x9492,0x8C91,0x94D3,0x31A6,0x4A49,0x9492,0x8430,
  0x8430,0x8C51,0x8C51,0x8C51,0x8C51,0x8C51,0x8430,0x8C51,0x8C51,0x8C51,0x8430,0x9CF4,
  0x94B2,0x8430,0x8C51,0x8C71,0x8C71,0x8C71,0x8C51,0x8C51,0x8430,0x8430,0x8430,0x8430,
  0x8C51,0x8C51,0x8C51,0x8430,0x7BEF,0x52AA,0x6B6D,0x4228,0x7BCF,0x8C51,0x8C51,0x8C51,
  0x8430,0x8C51,0x8C51,0x8451,0x8410,0x8C51,0x630C,0x0000,0x0000,0x0000,0x4228,0x8C71,
  0x8430,0x8430,0x8C51,0x8C51,0x8C71,0x8430,0xAD55,0xEF7D,0x4A69,0xF79E,0xFFFF,0xFFFF,
  0xFFFF,0xFFFF,0xFFFF,0xFFFF,0xFFDF,0xFFFF,0x6B4D,0x9CD3,0xE73C,0x73AE,0x7BEF,0x7BCF,
  0x7BCF,0x7BCF,0x7BCF,0x8C71,0x73AE,0x7BCF,0x73AE,0x8430,0x8410,0x73AE,0x73AE,0x73AE,
  0x8410,0x8410,0x73AE,0x7BCF,0x7BCF,0x73AE,0x73AE,0x73AE,0x7BCF,0x7BCF,0x8430,0x7BF0,
  0x7BCF,0x738E,0x73CE,0x0841,0x4228,0x7BCF,0x73AE,0x73CF,0x7BCF,0x73AE,0x738E,0x73AE,
  0x7BCF,0x7BCF,0x8410,0x7BCF,0x7BCF,0x7BCF,0x7BEF,0x8410,0x8C51,0xFFFF,0xAD55,0xC618,
  0x8C51,0x73AE,0x7BCF,0x73AE,0x738E,0x738E,0x7BEF,0x7BCF,0x738E,0x738E,0x7BEF,0x8C71,
  0x8C71,0x8C51,0x7BEF,0x73AE,0x73AE,0x73AE,0x7BCF,0x8C51,0x7BCF,0x73AE,0x9CF3,0xEF7D,
  0x4A69,0xF79E,0xFFFF,0xFFFF,0xFFFF,0xFFFF,0xFFFF,0xFFFF,0xFFDF,0xFFFF,0x6B4D,0x9492,
  0xFFFF,0xFFFF,0xFFFF,0xFFFF,0xFFFF,0xFFFF,0xFFFF,0xCE79,0xFFFF,0xFFFF,0xFFFF,0xCE59,
  0xEF5D,0xFFFF,0xFFFF,0xFFFF,0xEF7D,0xFFDF,0xFFFF,0xFFDF,0xF7BE,0xFFFF,0xFFFF,0xFFFF,
  0xFFFF,0xFFFF,0xDEDB,0xF7BE,0xFFFF,0xFFFF,0xFFFF,0xBDF7,0xEF5D,0xFFFF,0xFFFF,0xFFFF,
  0xFFFF,0xFFFF,0xFFFF,0xFFFF,0xFFFF,0xFFFF,0xDEDB,0xEF5D,0xFFFF,0xFFFF,0xFFFF,0xC618,
  0xF79E,0xF7BF,0xFFFF,0xCE59,0xFFFF,0xFFFF,0xFFFF,0xFFFF,0xFFFF,0xFFFF,0xEF7E,0xFFFF,
  0xFFFF,0xFFFF,0xFFFF,0xFFFF,0xFFFF,0xFFFF,0xFFFF,0xFFFF,0xFFFF,0xFFFF,0xF79E,0xC618,
  0xFFFF,0xFFFF,0xFFFF,0xEF7D,0x4A69,0xF79E,0xFFFF,0xFFFF,0xFFFF,0xFFFF,0xFFFF,0xFFFF,
  0xFFDF,0xFFFF,0x6B4D,0x9492,0xFFFF,0xE73C,0xE71C,0xF7BE,0xEF7D,0xFFDF,0xF7BE,0xAD75,
  0xEF7D,0xFFDF,0xFFDF,0x9CF3,0xCE59,0xFFDF,0xF7BE,0xFFDF,0xCE79,0xDEFB,0xFFDF,0xDEDB,
  0xDEDB,0xFFDF,0xE73C,0xEF7D,0xFFBF,0xFFDF,0xB5B6,0xD6BA,0xFFDF,0xFFDF,0xFFDF,0xFFFF,
  0xFFFF,0xFFDF,0xFFDF,0xFFDF,0xEF5D,0xF79E,0xF7BF,0xFFDF,0xFFDF,0xFFDF,0xB596,0xCE59,
  0xFFDF,0xFFDF,0xF7BE,0x9CD3,0xDEDB,0xFFFF,0xFFDF,0xAD75,0xEF5D,0xFFDF,0xDF1B,0xD6BA,
  0xF7BE,0xF7BE,0xCE79,0xEF7D,0xFFDF,0xEF7D,0xEF7D,0xFFDF,0xFFDF,0xFFDF,0xF7BE,0xEF5D,
  0xF7BE,0xFFDF,0xD6BA,0x9CD3,0xF7BE,0xDEDB,0xFFDF,0xEF7D,0x4A69,0xF79E,0xFFFF,0xFFFF,
  0xFFFF,0xFFFF,0xFFFF,0xFFFF,0xFFDF,0xFFFF,0x6B4D,0x94B2,0xFFFF,0xFFFF,0xFFFF,0xDEDB,
  0xC618,0xFFFF,0xFFFF,0xFFFF,0xFFFF,0xFFFF,0xFFFF,0xFFFF,0xFFFF,0xFFFF,0xFFFF,0xFFFF,
  0xFFFF,0xFFFF,0xFFFF,0xFFFF,0xFFFF,0xEF5D,0x6B6D,0xB5B6,0xFFFF,0xFFDF,0xFFFF,0xFFFF,
  0xFFFF,0xFFFF,0xFFFF,0xFFFF,0xFFFF,0xFFFF,0xFFFF,0xFFFF,0x8410,0xBDF7,0xFFFF,0xFFDF,
  0xFFFF,0xFFFF,0xFFFF,0xFFFF,0xFFFF,0xFFFF,0xFFFF,0xFFFF,0xFFFF,0xFFFF,0xFFFF,0xFFFF,
  0xFFFF,0xFFFF,0xC658,0xAD75,0xFFFF,0xFFDF,0xFFFF,0xFFFF,0xFFFF,0x9CF3,0x9CD3,0xFFFF,
  0xFFFF,0xFFFF,0xD69A,0x73AE,0xEF7D,0xFFFF,0xFFFF,0xFFFF,0xFFFF,0xFFFF,0xFFFF,0xEF7D,
  0x4A69,0xF79E,0xFFFF,0xFFFF,0xFFFF,0xFFFF,0xFFFF,0xFFFF,0xFFDF,0xFFFF,0x6B4D,0x94B2,
  0xFFFF,0xFFDF,0xFFDF,0xFFFF,0xFFDF,0xFFFF,0xFFFF,0xFFFF,0xFFFF,0xFFFF,0xFFFF,0xFFDF,
  0xFFFF,0xFFFF,0xFFFF,0xFFFF,0xFFFF,0xFFFF,0xFFFF,0xFFFF,0xFFFF,0xFFFF,0xFFFF,0xFFFF,
  0xFFFF,0xFFFF,0xFFDF,0xFFFF,0xFFFF,0xFFFF,0xFFFF,0xFFFF,0xFFFF,0xFFFF,0xFFFF,0xFFDF,
  0xFFDF,0xFFDF,0xFFFF,0xFFFF,0xFFFF,0xFFFF,0xFFFF,0xFFFF,0xFFFF,0xFFFF,0xFFFF,0xFFDF,
  0xFFFF,0xFFFF,0xFFFF,0xFFFF,0xFFFF,0xFFDF,0xFFFF,0xFFFF,0xFFDF,0xFFFF,0xFFFF,0xFFFF,
  0xFFFF,0xFFFF,0xFFDF,0xFFFF,0xFFFF,0xFFFF,0xFFFF,0xFFFF,0xFFFF,0xFFFF,0xFFDF,0xFFDF,
  0xFFFF,0xFFDF,0xFFFF,0xEF7D,0x4A69,0xF79E,0xFFFF,0xFFFF,0xFFFF,0xFFFF,0xFFFF,0xFFFF,
  0xFFDF,0xFFFF,0x6B4D,0x94B2,0xFFFF,0xFFDF,0xFFDF,0xFFDF,0xFFDF,0xFFFF,0xFFFF,0xFFFF,
  0xFFFF,0xFFFF,0xFFFF,0xFFFF,0xFFFF,0xFFFF,0xFFFF,0xFFFF,0xFFFF,0xFFFF,0xFFFF,0xFFFF,
  0xFFFF,0xFFFF,0xFFFF,0xFFFF,0xFFFF,0xFFDF,0xFFDF,0xFFFF,0xFFFF,0xFFFF,0xFFFF,0xFFFF,
  0xFFFF,0xFFFF,0xFFFF,0xFFDF,0xFFDF,0xFFDF,0xFFFF,0xFFFF,0xFFFF,0xFFFF,0xFFDF,0xFFFF,
  0xFFFF,0xFFFF,0xFFDF,0xFFFF,0xFFFF,0xFFFF,0xFFFF,0xFFFF,0xFFDF,0xFFDF,0xFFDF,0xFFDF,
  0xFFFF,0xFFFF,0xFFFF,0xFFFF,0xFFDF,0xFFFF,0xFFFF,0xFFDF,0xFFDF,0xFFDF,0xFFDF,0xFFFF,
  0xFFFF,0xFFFF,0xFFFF,0xFFFF,0xFFFF,0xFFDF,0xFFFF,0xEF7D,0x4A69,0xF79E,0xFFFF,0xFFFF,
  0xFFFF,0xFFFF,0xFFFF,0xFFFF,0xFFDF,0xFFFF,0x6B6D,0x94B2,0xFFFF,0xFFFF,0xFFFF,0xFFFF,
  0xFFFF,0xFFFF,0xFFFF,0xFFFF,0xFFFF,0xFFFF,0xFFFF,0xFFFF,0xFFFF,0xFFFF,0xFFFF,0xFFFF,
  0xFFFF,0xFFFF,0xFFFF,0xFFFF,0xFFFF,0xFFFF,0xFFFF,0xFFFF,0xFFFF,0xFFFF,0xFFFF,0xFFFF,
  0xFFFF,0xFFFF,0xFFFF,0xFFFF,0xFFFF,0xFFFF,0xFFFF,0xFFFF,0xFFFF,0xFFFF,0xFFFF,0xFFFF,
  0xFFFF,0xFFFF,0xFFFF,0xFFFF,0xFFFF,0xFFFF,0xFFFF,0xFFFF,0xFFFF,0xFFFF,0xFFFF,0xFFFF,
  0xFFFF,0xFFFF,0xFFFF,0xFFFF,0xFFFF,0xFFFF,0xFFFF,0xFFFF,0xFFFF,0xFFFF,0xFFFF,0xFFFF,
  0xFFFF,0xFFFF,0xFFFF,0xFFFF,0xFFFF,0xFFFF,0xFFFF,0xFFFF,0xFFFF,0xFFFF,0xFFFF,0xEF7D,
  0x4A69,0xF79E,0xFFFF,0xFFFF,0xFFFF,0xFFFF,0xFFFF,0xFFFF,0xFFDF,0xFFFF,0x6B4D,0x9CD3,
  0xEF5D,0xB5B6,0xBDF7,0xBDD7,0xBDF7,0xBDF7,0xBDF7,0xBDF7,0xBDF7,0xBDD7,0xBDF7,0xBDF7,
  0xBDD7,0xBDD7,0xBDD7,0xBDF7,0xBDF7,0xBDD7,0xBDF7,0xBDF7,0xBDF7,0xBDD7,0xBDD7,0xBDD7,
  0xBDF7,0xBDF7,0xBDF7,0xBDD7,0xBDF7,0xBDF7,0xBDF7,0xBDD7,0xBDD7,0xBDD7,0xBDF7,0xBDF7,
  0xBDF7,0xBDF7,0xBDD7,0xBDF7,0xBDF7,0xBDF7,0xBDF7,0xBDF7,0xBDF7,0xBDF7,0xBDF7,0xBDF7,
  0xBDF7,0xBDF7,0xBDF7,0xBDF7,0xBDD7,0xBDD7,0xBDD7,0xBDF7,0xBDF7,0xBDF7,0xBDF7,0xBDF7,
  0xBDD7,0xBDD7,0xBDD7,0xBDF7,0xBDF7,0xBDF7,0xBDD7,0xBDF7,0xBDF7,0xBDF7,0xBDF7,0xBDF7,
  0xBDF7,0xBDD7,0xCE79,0xEF5D,0x4A69,0xF79E,0xFFFF,0xFFFF,0xFFFF,0xFFFF,0xFFFF,0xFFFF,
  0xFFDF,0xFFFF,0x6B4D,0x9CB2,0xEF5D,0xBDD7,0xC618,0xC618,0xC618,0xC618,0xC618,0xC618,
  0xBE17,0xBE17,0xC618,0xC618,0xC618,0xC618,0xBE18,0xBE17,0xBE18,0xBE17,0xBE17,0xBDF7,
  0xBDF7,0xBE17,0xC618,0xC618,0xC618,0xC618,0xC618,0xC618,0xC618,0xC618,0xC618,0xC618,
  0xBDF7,0xBDF7,0xBE17,0xC618,0xC618,0xC618,0xBE17,0xBDF7,0xC618,0xC618,0xC618,0xC618,
  0xC618,0xBDF7,0xBDF7,0xBDF7,0xC617,0xC618,0xC618,0xBE18,0xBDF7,0xBDF7,0xBDF7,0xC618,
  0xC618,0xC618,0xC618,0xBE17,0xBDF7,0xBDF7,0xBDF7,0xC618,0xC618,0xC618,0xBE17,0xBE18,
  0xC618,0xC618,0xBE18,0xC618,0xC618,0xC618,0xD69A,0xEF5D,0x4A69,0xF79E,0xFFFF,0xFFFF,
  0xFFFF,0xFFFF,0xFFFF,0xFFFF,0xFFDF,0xFFFF,0x6B4D,0x9492,0xFFFF,0xFFFF,0xFFFF,0xFFFF,
  0xFFFF,0xFFFF,0xFFFF,0xFFFF,0xFFFF,0xFFFF,0xFFFF,0xFFFF,0xFFFF,0xFFFF,0xFFFF,0xFFFF,
  0xFFFF,0xFFFF,0xFFFF,0xFFFF,0xFFFF,0xFFFF,0xFFFF,0xFFFF,0xFFFF,0xFFFF,0xFFFF,0xFFFF,
  0xFFFF,0xFFFF,0xFFFF,0xFFFF,0xFFFF,0xFFFF,0xFFFF,0xFFFF,0xFFFF,0xFFFF,0xFFFF,0xFFFF,
  0xFFFF,0xFFFF,0xFFFF,0xFFFF,0xFFFF,0xFFFF,0xFFFF,0xFFFF,0xFFFF,0xFFFF,0xFFFF,0xFFFF,
  0xFFFF,0xFFFF,0xFFFF,0xFFFF,0xFFFF,0xFFFF,0xFFFF,0xFFFF,0xFFFF,0xFFFF,0xFFFF,0xFFFF,
  0xFFFF,0xFFFF,0xFFFF,0xFFFF,0xFFFF,0xFFFF,0xFFFF,0xFFFF,0xFFFF,0xFFFF,0xFFFF,0xEF7D,
  0x528A,0xF79E,0xFFFF,0xFFFF,0xFFFF,0xFFFF,0xFFFF,0xFFFF,0xFFDF,0xFFFF,0x6B4D,0x94B2,
  0xFFFF,0xFFDF,0xFFFF,0xFFFF,0xFFFF,0xFFFF,0xFFFF,0xFFFF,0xFFFF,0xFFFF,0xFFFF,0xFFFF,
  0xFFFF,0xFFFF,0xFFFF,0xFFFF,0xFFDF,0xFFDF,0xFFDF,0xFFDF,0xFFFF,0xFFFF,0xFFFF,0xFFFF,
  0xFFFF,0xFFFF,0xFFDF,0xFFFF,0xFFFF,0xFFFF,0xFFDF,0xFFFF,0xFFFF,0xFFFF,0xFFFF,0xFFDF,
  0xFFFF,0xFFFF,0xFFFF,0xFFFF,0xFFFF,0xFFDF,0xFFFF,0xFFFF,0xFFFF,0xFFFF,0xFFFF,0xFFFF,
  0xFFFF,0xFFFF,0xFFFF,0xFFFF,0xFFFF,0xFFFF,0xFFFF,0xFFFF,0xFFDF,0xFFDF,0xFFDF,0xFFFF,
  0xFFFF,0xFFFF,0xFFFF,0xFFFF,0xFFFF,0xFFFF,0xFFFF,0xFFFF,0xFFFF,0xFFFF,0xFFFF,0xFFFF,
  0xFFDF,0xFFDF,0xFFFF,0xEF7D,0x4A89,0xF79E,0xFFFF,0xFFFF,0xFFFF,0xFFFF,0xFFFF,0xFFFF,
  0xFFDF,0xFFFF,0x6B4D,0x94B2,0xFFFF,0xFFDF,0xFFFF,0xFFFF,0xFFFF,0xFFFF,0xFFFF,0xFFFF,
  0xFFFF,0xFFFF,0xFFFF,0xFFFF,0xFFFF,0xFFFF,0xFFFF,0xFFFF,0xFFFF,0xFFFF,0xFFFF,0xFFFF,
  0xFFFF,0xFFFF,0xFFFF,0xFFFF,0xFFFF,0xFFFF,0xFFFF,0xA514,0x738E,0x9492,0xFFDF,0xA514,
  0x7BEF,0xDEDB,0xB596,0xFFFF,0xAD75,0xDF1C,0xCE59,0x73AE,0xC618,0xFFFF,0xFFDF,0xFFFF,
  0xFFFF,0xBDF7,0x7BCF,0xE73C,0xFFFF,0xFFFF,0xFFFF,0xFFFF,0xFFFF,0xFFFF,0xFFFF,0xFFFF,
  0xFFFF,0xFFFF,0xFFFF,0xFFFF,0xFFFF,0xFFFF,0xFFFF,0xFFFF,0xFFFF,0xFFFF,0xFFFF,0xFFFF,
  0xFFFF,0xFFFF,0xFFFF,0xFFFF,0xFFFF,0xFFFF,0xFFFF,0xEF5D,0x4A69,0xF79E,0xFFFF,0xFFFF,
  0xFFFF,0xFFFF,0xFFFF,0xFFFF,0xFFDF,0xFFFF,0x6B4D,0x94B2,0xFFFF,0xFFDF,0xFFFF,0xFFFF,
  0xFFFF,0xFFFF,0xFFFF,0xFFFF,0xFFFF,0xFFFF,0xFFFF,0xFFFF,0xFFFF,0xFFFF,0xFFFF,0xFFFF,
  0xFFFF,0xFFFF,0xFFFF,0xFFFF,0xFFFF,0xFFFF,0xFFFF,0xFFFF,0xFFFF,0xFFFF,0xFFFF,0x4228,
  0x9CF3,0x5AEB,0xAD55,0xA514,0x39C7,0xEF7D,0x10A2,0x9CF3,0x6B4D,0x94B2,0x5AEB,0xA534,
  0x4208,0xE73C,0xFFFF,0xFFFF,0xCE79,0x632C,0xB5B6,0x630C,0xFFFF,0xFFFF,0xFFFF,0xFFFF,
  0xFFFF,0xFFFF,0xFFFF,0xFFFF,0xFFFF,0xFFFF,0xFFFF,0xFFFF,0xFFFF,0xFFFF,0xFFFF,0xFFFF,
  0xFFFF,0xFFFF,0xFFFF,0xFFFF,0xFFFF,0xFFFF,0xFFFF,0xFFFF,0xFFFF,0xFFFF,0xFFFF,0xEF7D,
  0x4A69,0xF79E,0xFFFF,0xFFFF,0xFFFF,0xFFFF,0xFFFF,0xFFFF,0xFFDF,0xFFFF,0x6B4D,0x94B2,
  0xFFFF,0xFFDF,0xFFFF,0xFFFF,0xFFFF,0xFFFF,0xFFFF,0xFFFF,0xFFFF,0xFFFF,0xFFFF,0xFFFF,
  0xFFFF,0xFFFF,0xFFFF,0xFFFF,0xE430,0xF5B6,0xF5D7,0xE3EF,0xFFFF,0xFFFF,0xFFFF,0xFFFF,
  0xFFFF,0xFFFF,0xFFFF,0x5AEB,0xFFFF,0x94B2,0x94B2,0xDEDB,0x738E,0xFFFF,0x4A69,0x6B6D,
  0x2945,0xA514,0x630C,0xFFFF,0x4A69,0xDEFC,0xFFFF,0xFFFF,0xC638,0x31A6,0x73AE,0x4208,
  0xFFFF,0xFFFF,0xFFFF,0xFFFF,0xFFFF,0xFFDF,0xFFFF,0xED34,0xEC71,0xF6BA,0xE34D,0xFFFF,
  0xFFFF,0xFFFF,0xFFFF,0xFFFF,0xFFFF,0xFFFF,0xFFFF,0xFFFF,0xFFFF,0xFFFF,0xFFFF,0xFFFF,
  0xFFFF,0xFFFF,0xFFFF,0xEF7D,0x4A69,0xF79E,0xFFFF,0xFFFF,0xFFFF,0xFFFF,0xFFFF,0xFFFF,
  0xFFDF,0xFFFF,0x6B4D,0x94B2,0xFFFF,0xFFDF,0xFFFF,0xFFFF,0xFFFF,0xFFFF,0xFFFF,0xFFFF,
  0xFFFF,0xFFFF,0xFFFF,0xFFFF,0xFFFF,0xFFFF,0xFFFF,0xFFFF,0xF679,0xFF1C,0xFF1C,0xF658,
  0xFFFF,0xFFFF,0xFFFF,0xFFFF,0xFFFF,0xFFFF,0xFFFF,0x4228,0xA534,0x630C,0xAD55,0xAD75,
  0x39E7,0xDF1B,0x4228,0xF79E,0x39C7,0xA514,0x5ACB,0xB596,0x4228,0xE73C,0xFFFF,0xFFFF,
  0xBDF7,0x39C7,0x9CF3,0x4208,0xFFFF,0xFFFF,0xFFFF,0xFFFF,0xFFFF,0xFFFF,0xFFFF,0xF6DA,
  0xF679,0xFF7D,0xF5F7,0xFFFF,0xFFFF,0xFFFF,0xFFFF,0xFFFF,0xFFFF,0xFFFF,0xFFFF,0xFFFF,
  0xFFFF,0xFFFF,0xFFFF,0xFFFF,0xFFFF,0xFFFF,0xFFFF,0xEF5D,0x4A69,0xF79E,0xFFFF,0xFFFF,
  0xFFFF,0xFFFF,0xFFFF,0xFFFF,0xFFDF,0xFFFF,0x6B6D,0x9492,0xFFFF,0xFFDF,0xFFFF,0xFFFF,
  0xFFFF,0xFFFF,0xFFFF,0xFFFF,0xFFFF,0xFFFF,0xFFFF,0xFFFF,0xFFFF,0xFFFF,0xFFFF,0xFFFF,
  0xFFFF,0xFFFF,0xFFFF,0xFFFF,0xFFFF,0xFFFF,0xFFFF,0xFFFF,0xFFFF,0xFFFF,0xFFFF,0x9CD3,
  0x6B4D,0x94B2,0xFFFF,0xA534,0x73AE,0xD6BA,0xA514,0xFFFF,0xB596,0xDEFB,0xC618,0x6B6D,
  0xBDF7,0xFFFF,0xFFDF,0xFFFF,0xDEDB,0xB5B6,0xFFFF,0xA534,0xFFFF,0xFFFF,0xFFFF,0xFFFF,
  0xFFFF,0xFFFF,0xFFFF,0xFFFF,0xFFFF,0xFFFF,0xFFFF,0xFFFF,0xFFFF,0xFFFF,0xFFFF,0xFFFF,
  0xFFFF,0xFFFF,0xFFFF,0xFFFF,0xFFFF,0xFFFF,0xFFFF,0xFFFF,0xFFFF,0xFFFF,0xFFFF,0xEF5D,
  0x4A69,0xF79E,0xFFFF,0xFFFF,0xFFFF,0xFFFF,0xFFFF,0xFFFF,0xFFDF,0xFFFF,0x632C,0x9CD3,
  0xFFFF,0xFFDF,0xFFDF,0xFFDF,0xFFDF,0xFFDF,0xFFDF,0xFFDF,0xFFDF,0xFFDF,0xFFDF,0xFFDF,
  0xFFDF,0xFFDF,0xFFDF,0xFFDF,0xFFDF,0xFFDF,0xFFDF,0xFFDF,0xFFDF,0xFFDF,0xFFDF,0xFFDF,
  0xFFFF,0xFFDF,0xFFDF,0xFFFF,0xFFFF,0xFFFF,0xFFFF,0xFFFF,0xFFFF,0xFFFF,0xFFFF,0xFFDF,
  0xFFFF,0xFFFF,0xFFFF,0xFFFF,0xFFFF,0xFFDF,0xFFFF,0xFFDF,0xFFFF,0xFFFF,0xFFDF,0xFFFF,
  0xFFDF,0xFFDF,0xFFDF,0xFFDF,0xFFDF,0xFFDF,0xFFDF,0xFFDF,0xFFDF,0xFFDF,0xFFDF,0xFFDF,
  0xFFDF,0xFFDF,0xFFDF,0xFFDF,0xFFDF,0xFFDF,0xFFDF,0xFFDF,0xFFDF,0xFFDF,0xFFDF,0xFFDF,
  0xFFDF,0xFFDF,0xFFFF,0xF79E,0x528A,0xF79E,0xFFFF,0xFFFF,0xFFFF,0xFFFF,0xFFFF,0xFFFF,
  0xFFFF,0xFFFF,0x8C51,0x39C7,0xFFFF,0xFFFF,0xFFFF,0xFFFF,0xFFFF,0xFFFF,0xFFFF,0xFFFF,
  0xFFFF,0xFFFF,0xFFFF,0xFFFF,0xFFFF,0xFFFF,0xFFFF,0xFFFF,0xFFFF,0xFFFF,0xFFFF,0xFFFF,
  0xFFFF,0xFFFF,0xFFFF,0xFFFF,0xFFFF,0xFFFF,0xFFFF,0xFFFF,0xFFFF,0xFFFF,0xFFFF,0xFFFF,
  0xFFFF,0xFFFF,0xFFFF,0xFFFF,0xFFFF,0xFFFF,0xFFFF,0xFFFF,0xFFFF,0xFFFF,0xFFFF,0xFFFF,
  0xFFFF,0xFFFF,0xFFFF,0xFFFF,0xFFFF,0xFFFF,0xFFFF,0xFFFF,0xFFFF,0xFFFF,0xFFFF,0xFFFF,
  0xFFFF,0xFFFF,0xFFFF,0xFFFF,0xFFFF,0xFFFF,0xFFFF,0xFFFF,0xFFFF,0xFFFF,0xFFFF,0xFFFF,
  0xFFFF,0xFFFF,0xFFFF,0xFFFF,0xFFFF,0xFFFF,0xFFFF,0x9492,0x39E8,0xFFFF,0xFFFF,0xFFFF,
  0xFFFF,0xFFFF,0xFFFF,0xFFFF,0xFFFF,0xFFFF,0xFFDF,0x4A49,0x39E7,0x9CF3,0x9CF3,0x9CF3,
  0x9CF3,0x9CF3,0x9CF3,0x9CF3,0x9CF3,0xA513,0xA514,0x9D13,0xA514,0x9D13,0x9CF3,0x9CF3,
  0x9CF3,0x9CF3,0x9CF3,0x9CF3,0x9CF3,0x9CF3,0x9D13,0xA514,0x9D13,0x9CF3,0x9D13,0xA513,
  0x9CF3,0x9CF3,0x9CF3,0x9CF3,0x9CF3,0x9CF3,0x9CF3,0x9CF3,0x9CF3,0xA4F3,0x9D13,0x9CF3,
  0xA514,0xA514,0x9CF3,0x9CF3,0x9CF3,0x9CF3,0x9CF3,0x9CF3,0x9CF3,0x9CF3,0x9CF3,0x9CF3,
  0x9CF3,0x9CF3,0x9CF3,0x9CF3,0x9CF3,0x9CF3,0x9CF3,0x9CF3,0x9CF3,0x9CF3,0x9CF3,0x9CF3,
  0x9CF3,0x9CF3,0x9CF3,0x9CF3,0x9CF3,0x9D13,0x9D13,0xA514,0x9CF3,0xA514,0x738E,0x10A2,
  0xC618,0xFFFF,0xFFFF,0xFFFF,0xFFFF,0xFFFF,0xFFFF,0xFFFF,0xFFFF,0xFFFF,0xFFFF,0xFFFF,
  0x9492,0x6B4D,0x6B6D,0x6B6D,0x6B6D,0x6B6D,0x6B6D,0x6B6D,0x6B6D,0x6B6D,0x6B6D,0x6B6D,
  0x6B6D,0x6B6D,0x6B6D,0x6B6D,0x6B6D,0x6B6D,0x6B6D,0x6B6D,0x6B6D,0x6B6D,0x6B6D,0x6B6D,
  0x6B6D,0x6B6D,0x6B6D,0x6B6D,0x6B6D,0x6B6D,0x6B6D,0x6B6D,0x6B6D,0x6B6D,0x6B6D,0x6B6D,
  0x6B6D,0x6B6D,0x6B6D,0x6B6D,0x6B6D,0x6B6D,0x6B6D,0x6B6D,0x6B6D,0x6B6D,0x6B6D,0x6B6D,
  0x6B6D,0x6B6D,0x6B6D,0x6B6D,0x6B6D,0x6B6D,0x6B6D,0x6B6D,0x6B6D,0x6B6D,0x6B6D,0x6B6D,
  0x6B6D,0x6B6D,0x6B6D,0x6B6D,0x6B6D,0x6B6D,0x6B6D,0x6B6D,0x6B6D,0x6B6D,0x6B6D,0x6B6D,
  0x6B6D,0x6B6D,0x738E,0xDEDB,0xFFFF,0xFFFF,0xFFFF,0xFFFF,0xFFFF,0xFFFF,0xFFFF,0xFFFF,
  0xFFFF,0xFFFF,0xFFFF,0xFFFF,0xFFFF,0xFFFF,0xFFFF,0xFFFF,0xFFFF,0xFFFF,0xFFFF,0xFFFF,
  0xFFFF,0xFFFF,0xFFFF,0xFFFF,0xFFFF,0xFFFF,0xFFFF,0xFFFF,0xFFFF,0xFFFF,0xFFFF,0xFFFF,
  0xFFFF,0xFFFF,0xFFFF,0xFFFF,0xFFFF,0xFFFF,0xFFFF,0xFFFF,0xFFFF,0xFFFF,0xFFFF,0xFFFF,
  0xFFFF,0xFFFF,0xFFFF,0xFFFF,0xFFFF,0xFFFF,0xFFFF,0xFFFF,0xFFFF,0xFFFF,0xFFFF,0xFFFF,
  0xFFFF,0xFFFF,0xFFFF,0xFFFF,0xFFFF,0xFFFF,0xFFFF,0xFFFF,0xFFFF,0xFFFF,0xFFFF,0xFFFF,
  0xFFFF,0xFFFF,0xFFFF,0xFFFF,0xFFFF,0xFFFF,0xFFFF,0xFFFF,0xFFFF,0xFFFF,0xFFFF,0xFFFF,
  0xFFFF,0xFFFF,0xFFFF,0xFFFF,0xFFFF,0xFFFF,0xFFFF,0xFFFF,0xFFFF,0xFFFF,0xFFFF,0xFFFF,
  0xFFFF,0xFFFF,0xFFFF,0xFFFF,0xFFFF,0xFFFF,0xFFFF,0xFFFF,0xFFDF,0xFFDF,0xFFDF,0xFFDF,
  0xFFDF,0xFFDF,0xFFDF,0xFFDF,0xFFDF,0xFFDF,0xFFDF,0xFFDF,0xFFDF,0xFFDF,0xFFDF,0xFFDF,
  0xFFDF,0xFFDF,0xFFDF,0xFFDF,0xFFDF,0xFFDF,0xFFDF,0xFFDF,0xFFDF,0xFFDF,0xFFDF,0xFFDF,
  0xFFDF,0xFFDF,0xFFDF,0xFFDF,0xFFDF,0xFFDF,0xFFDF,0xFFDF,0xFFDF,0xFFDF,0xFFDF,0xFFDF,
  0xFFDF,0xFFDF,0xFFDF,0xFFDF,0xFFDF,0xFFDF,0xFFDF,0xFFDF,0xFFDF,0xFFDF,0xFFDF,0xFFDF,
  0xFFDF,0xFFDF,0xFFDF,0xFFDF,0xFFDF,0xFFDF,0xFFDF,0xFFDF,0xFFDF,0xFFDF,0xFFDF,0xFFDF,
  0xFFDF,0xFFDF,0xFFDF,0xFFDF,0xFFDF,0xFFDF,0xFFDF,0xFFDF,0xFFDF,0xFFDF,0xFFDF,0xFFFF,
  0xFFFF,0xFFFF,0xFFFF,0xFFFF
};

static const uint16_t cover_game2048[] = {
  0xFFFF,0xFFFF,0xFFFF,0xFFFF,0xFFFF,0xFFFF,0xFFFF,0xFFFF,0xFFFF,0xFFFF,0xFFFF,0xFFFF,
  0xFFFF,0xFFFF,0xFFFF,0xFFFF,0xFFFF,0xFFFF,0xFFFF,0xFFFF,0xFFFF,0xFFFF,0xFFFF,0xFFFF,
  0xFFFF,0xFFFF,0xFFFF,0xFFFF,0xFFFF,0xFFFF,0xFFFF,0xFFFF,0xFFFF,0xFFFF,0xFFFF,0xFFFF,
  0xFFFF,0xFFFF,0xFFFF,0xFFFF,0xFFFF,0xFFFF,0xFFFF,0xFFFF,0xFFFF,0xFFFF,0xFFFF,0xFFFF,
  0xFFFF,0xFFFF,0xFFFF,0xFFFF,0xFFFF,0xFFFF,0xFFFF,0xFFFF,0xFFFF,0xFFFF,0xFFFF,0xFFFF,
  0xFFFF,0xFFFF,0xFFFF,0xFFFF,0xFFFF,0xFFFF,0xFFFF,0xFFFF,0xFFFF,0xFFFF,0xFFFF,0xFFFF,
  0xFFFF,0xFFFF,0xFFFF,0xFFFF,0xFFFF,0xFFFF,0xFFFF,0xFFFF,0xFFFF,0xFFFF,0xFFFF,0xFFFF,
  0xFFFF,0xFFFF,0xFFFF,0xFFFF,0xFFFF,0xFFFF,0xFFFF,0xFFFF,0xFFFF,0xFFFF,0xFFFF,0xFFFF,
  0xFFFF,0xFFFF,0xFFFF,0xFFFF,0xFFFF,0xFFFF,0xFFFF,0xFFFF,0xFFFF,0xFFFF,0xFFFF,0xFFFF,
  0xFFFF,0xFFFF,0xFFFF,0xFFFF,0xFFFF,0xFFFF,0xFFFF,0xFFFF,0xFFFF,0xFFFF,0xFFFF,0xFFFF,
  0xFFFF,0xFFFF,0xFFFF,0xFFFF,0xFFFF,0xFFFF,0xFFFF,0xFFFF,0xFFFF,0xFFFF,0xFFFF,0xFFFF,
  0xFFFF,0xFFFF,0xFFFF,0xFFFF,0xFFFF,0xFFFF,0xFFFF,0xFFFF,0xFFFF,0xFFFF,0xFFFF,0xFFFF,
  0xFFFF,0xFFFF,0xFFFF,0xFFFF,0xFFFF,0xFFFF,0xFFFF,0xFFFF,0xFFFF,0xFFFF,0xFFFF,0xFFFF,
  0xFFFF,0xFFFF,0xFFFF,0xFFFF,0xFFFF,0xFFFF,0xFFFF,0xFFFF,0xFFFF,0xFFFF,0xFFFF,0xFFFF,
  0xFFFF,0xFFFF,0xFFFF,0xFFFF,0xFFFF,0xFFFF,0xFFFF,0xFFFF,0xFFFF,0xFFFF,0xFFFF,0xFFFF,
  0xFFFF,0xFFFF,0xFFFF,0xFFFF,0xFFFF,0xFFFF,0xFFFF,0xFFFF,0xFFFF,0xFFFF,0xFFFF,0xFFFF,
  0xFFFF,0xFFFF,0xFFFF,0xFFFF,0xFFFF,0xFFFF,0xFFFF,0xFFFF,0xFFFF,0xFFFF,0xFFFF,0xFFFF,
  0xFFFF,0xFFFF,0xFFFF,0xFFFF,0xFFFF,0xFFFF,0xFFFF,0xFFFF,0xFFFF,0xFFFF,0xFFFF,0xFFFF,
  0xFFFF,0xFFFF,0xFFFF,0xFFFF,0xFFFF,0xFFFF,0xFFFF,0xFFFF,0xFFFF,0xFFFF,0xFFFF,0xFFFF,
  0xFFFF,0xFFFF,0xFFFF,0xFFFF,0xFFFF,0xFFFF,0xFFFF,0xFFFF,0xFFFF,0xFFFF,0xFFFF,0xFFFF,
  0xFFFF,0xFFFF,0xFFFF,0xFFFF,0xFFFF,0xFFFF,0xFFFF,0xFFFF,0xFFFF,0xFFFF,0xFFFF,0xFFFF,
  0xFFFF,0xFFFF,0xFFFF,0xFFFF,0xFFFF,0xFFFF,0xFFFF,0xFFDF,0xFFFF,0xFFFF,0xFFFF,0xFFFF,
  0xFFFF,0xFFFF,0xFFFF,0xFFFF,0xFFFF,0xFFFF,0xFFFF,0xFFFF,0xFFFF,0xEF5D,0xEF7D,0xEF7D,
  0xEF7D,0xEF7D,0xEF7D,0xEF7D,0xEF7D,0xEF7D,0xEF7D,0xEF7D,0xEF7D,0xEF5D,0xEF5D,0xEF5D,
  0xEF5D,0xEF5D,0xEF7D,0xEF7D,0xEF7D,0xEF7D,0xEF5D,0xEF5D,0xEF7D,0xEF7D,0xEF7D,0xEF7D,
  0xEF5D,0xEF5D,0xEF5D,0xEF7D,0xEF7D,0xEF7D,0xEF7D,0xEF7D,0xEF7D,0xEF7D,0xEF7D,0xEF7D,
  0xEF5D,0xEF7D,0xEF7D,0xEF7D,0xEF7D,0xEF5D,0xEF5D,0xEF5D,0xEF5D,0xEF5D,0xEF5D,0xEF5D,
  0xEF7D,0xEF5D,0xEF5D,0xEF5D,0xEF5D,0xEF5D,0xEF5D,0xEF5D,0xEF7D,0xEF7D,0xEF7D,0xEF5D,
  0xEF5D,0xEF5D,0xEF5D,0xEF5D,0xEF5D,0xEF5D,0xEF5D,0xEF5D,0xEF5D,0xEF5D,0xF79E,0xFFFF,
  0xFFFF,0xFFFF,0xFFFF,0xFFFF,0xFFFF,0xFFFF,0xFFFF,0xFFFF,0xFFFF,0xFFFF,0xFFFF,0xCE59,
  0x3A08,0x4228,0x4A49,0x4A49,0x4248,0x4228,0x4228,0x4228,0x4228,0x4228,0x4228,0x4228,
  0x4228,0x4228,0x4228,0x4228,0x4228,0x4228,0x4228,0x4228,0x4228,0x4228,0x4228,0x4228,
  0x4228,0x4228,0x4228,0x4228,0x4228,0x4228,0x4228,0x4228,0x4228,0x4228,0x4228,0x4228,
  0x4A49,0x4228,0x4228,0x4228,0x4228,0x4228,0x4228,0x4228,0x4228,0x4228,0x4228,0x4228,
  0x4228,0x4228,0x4228,0x4228,0x4228,0x4228,0x4228,0x4228,0x4228,0x4228,0x4228,0x4228,
  0x4228,0x4228,0x4228,0x4228,0x4228,0x4228,0x4228,0x4228,0x4228,0x4228,0x4228,0x4228,
  0x4208,0x4228,0x3186,0x8C71,0xFFFF,0xFFFF,0xFFFF,0xFFFF,0xFFFF,0xFFFF,0xFFFF,0xFFFF,
  0xFFFF,0xFFFF,0xDEFB,0x18C3,0x8C51,0xF7BE,0xF79E,0xF79E,0xF79E,0xF79E,0xF79E,0xF79E,
  0xF79E,0xF79E,0xF79E,0xF79E,0xF79E,0xF79E,0xF79E,0xF79E,0xF79E,0xF79E,0xF79E,0xF79E,
  0xF79E,0xF79E,0xF79E,0xF79E,0xF79E,0xF79E,0xF79E,0xF79E,0xF79E,0xF79E,0xF79E,0xF79E,
  0xF79E,0xF79E,0xF79E,0xF79E,0xF79E,0xF79E,0xF79E,0xF79E,0xF79E,0xF79E,0xF79E,0xF79E,
  0xF79E,0xF79E,0xF79E,0xF79E,0xF79E,0xF79E,0xF79E,0xF79E,0xF79E,0xF79E,0xF79E,0xF79E,
  0xF79E,0xF79E,0xF79E,0xF79E,0xF79E,0xF79E,0xF79E,0xF79E,0xF79E,0xF79E,0xF79E,0xF79E,
  0xF79E,0xF79E,0xF79E,0xF79E,0xEF7D,0xF79E,0xD69A,0x2945,0x8C71,0xFFFF,0xFFFF,0xFFFF,
  0xFFFF,0xFFFF,0xFFFF,0xFFFF,0xFFDF,0xFFFF,0x7BCE,0x630C,0xFFFF,0xFFFF,0xFFFF,0xFFFF,
  0xFFFF,0xFFFF,0xFFFF,0xFFFF,0xFFFF,0xFFFF,0xFFFF,0xFFFF,0xFFFF,0xFFFF,0xFFFF,0xFFFF,
  0xFFFF,0xFFFF,0xFFFF,0xFFFF,0xFFFF,0xFFFF,0xFFFF,0xFFFF,0xFFFF,0xFFFF,0xFFFF,0xFFFF,
  0xFFFF,0xFFFF,0xFFFF,0xFFFF,0xFFFF,0xFFFF,0xFFFF,0xFFFF,0xFFFF,0xFFFF,0xFFFF,0xFFFF,
  0xFFFF,0xFFFF,0xFFFF,0xFFFF,0xFFFF,0xFFFF,0xFFFF,0xFFFF,0xFFFF,0xFFFF,0xFFFF,0xFFFF,
  0xFFFF,0xFFFF,0xFFFF,0xFFFF,0xFFFF,0xFFFF,0xFFFF,0xFFFF,0xFFFF,0xFFFF,0xFFFF,0xFFFF,
  0xFFFF,0xFFFF,0xFFFF,0xFFFF,0xFFFF,0xFFFF,0xFFFF,0xFFFF,0xFFFF,0xFFFF,0xFFFF,0xD6BA,
  0x31A6,0xF7BE,0xFFFF,0xFFFF,0xFFFF,0xFFFF,0xFFFF,0xFFFF,0xFFDF,0xFFFF,0x7BCF,0x8C51,
  0xFFFF,0xFFDF,0xFFFF,0xFFFF,0xFFFF,0xFFFF,0xFFFF,0xFFFF,0xFFFF,0xFFFF,0xFFFF,0xFFFF,
  0xFFFF,0xFFFF,0xFFFF,0xFFFF,0xFFFF,0xFFFF,0xFFFF,0xFFFF,0xFFFF,0xFFDF,0xF7BE,0xFFDF,
  0xFFFF,0xFFFF,0xFFFF,0xFFFF,0xFFFF,0xFFFF,0xFFDF,0xFFDF,0xFFDF,0xFFDF,0xFFDF,0xFFFF,
  0xFFFF,0xFFFF,0xFFFF,0xFFFF,0xFFFF,0xFFFF,0xFFFF,0xFFDF,0xFFDF,0xFFFF,0xFFFF,0xFFFF,
  0xFFFF,0xFFFF,0xFFFF,0xFFDF,0xFFDF,0xFFDF,0xFFDF,0xFFFF,0xFFFF,0xFFFF,0xFFFF,0xFFFF,
  0xFFFF,0xFFFF,0xFFFF,0xFFFF,0xFFFF,0xFFFF,0xFFFF,0xFFFF,0xFFFF,0xFFFF,0xFFFF,0xFFFF,
  0xFFFF,0xFFFF,0xFFFF,0xEF7D,0x4A69,0xF79E,0xFFFF,0xFFFF,0xFFFF,0xFFFF,0xFFFF,0xFFFF,
  0xFFDF,0xFFFF,0x7BCF,0x8430,0xFFFF,0xFFDF,0xFFFF,0xFFFF,0xFFFF,0xFFFF,0xFFFF,0xFFFF,
  0xFFFF,0xFFFF,0xFFFF,0xFFFF,0xFFFF,0xFFFF,0xFFFF,0xFFFF,0xFFFF,0xFFFF,0xFFFF,0xFFFF,
  0xFFFF,0xFFFF,0xFFFF,0xFFFF,0xFFFF,0xFFFF,0xFFFF,0xFFFF,0xFFFF,0xFFDF,0xFFFF,0xFFFF,
  0xFFFF,0xFFFF,0xFFFF,0xFFFF,0xFFFF,0xFFFF,0xFFFF,0xFFFF,0xFFFF,0xFFFF,0xFFFF,0xFFFF,
  0xFFFF,0xFFFF,0xFFFF,0xFFFF,0xFFFF,0xFFFF,0xFFFF,0xFFFF,0xFFFF,0xFFFF,0xFFFF,0xFFFF,
  0xFFFF,0xFFFF,0xFFFF,0xFFFF,0xFFFF,0xFFFF,0xFFFF,0xFFFF,0xFFFF,0xFFFF,0xFFFF,0xFFFF,
  0xFFFF,0xFFFF,0xFFFF,0xFFFF,0xFFFF,0xFFFF,0xFFFF,0xEF5D,0x528A,0xF7BE,0xFFFF,0xFFFF,
  0xFFFF,0xFFFF,0xFFFF,0xFFFF,0xFFDF,0xFFFF,0x7BCF,0x8430,0xFFFF,0xFFDF,0xFFFF,0xFFFF,
  0xFFFF,0xFFFF,0xFFFF,0xFFFF,0xFFFF,0xFFFF,0xFFFF,0xFFFF,0xFFFF,0xFFFF,0xFFFF,0xFFFF,
  0xFFFF,0xFFFF,0xFFFF,0xFFFF,0xAD55,0x630C,0x632C,0x632C,0x630C,0xCE79,0xFFFF,0xFFDF,
  0xFFFF,0xFFFF,0x9CD3,0x630C,0x632C,0x6B4D,0x632C,0xD6BA,0xFFFF,0xFFFF,0xFFFF,0xFFFF,
  0xFFFF,0xFFFF,0xFFFF,0xD69A,0x630C,0x9492,0xFFFF,0xFFFF,0xFFFF,0xFFFF,0xAD55,0x630C,
  0x632C,0x6B4D,0x630C,0xC618,0xFFFF,0xFFDF,0xFFFF,0xFFFF,0xFFFF,0xFFFF,0xFFFF,0xFFFF,
  0xFFFF,0xFFFF,0xFFFF,0xFFFF,0xFFFF,0xFFFF,0xFFFF,0xFFFF,0xFFFF,0xFFFF,0xFFFF,0xEF5D,
  0x528A,0xF7BE,0xFFFF,0xFFFF,0xFFFF,0xFFFF,0xFFFF,0xFFFF,0xFFDF,0xFFFF,0x7BCF,0x8430,
  0xFFFF,0xFFDF,0xFFFF,0xFFFF,0xFFFF,0xFFFF,0xFFFF,0xFFFF,0xFFFF,0xFFFF,0xFFFF,0xFFFF,
  0xFFFF,0xFFFF,0xFFFF,0xFFFF,0xFFFF,0xFFFF,0xFFDF,0xD69A,0x4249,0x0000,0x0000,0x0000,
  0x0000,0x738E,0xDEDB,0xFFDF,0xF7BE,0xCE79,0x3186,0x0000,0x0000,0x0000,0x0000,0x7BCF,
  0xDEFB,0xFFFF,0xFFFF,0xFFFF,0xFFFF,0xFFDF,0xDEDB,0x7BEF,0x0000,0x39E7,0xFFFF,0xFFDF,
  0xFFDF,0xCE9A,0x4208,0x0000,0x0000,0x0000,0x0000,0x630C,0xD6BA,0xFFDF,0xFFFF,0xFFFF,
  0xFFFF,0xFFFF,0xFFFF,0xFFFF,0xFFFF,0xFFFF,0xFFFF,0xFFFF,0xFFFF,0xFFFF,0xFFFF,0xFFFF,
  0xFFFF,0xFFFF,0xFFFF,0xEF5D,0x4A69,0xF79E,0xFFFF,0xFFFF,0xFFFF,0xFFFF,0xFFFF,0xFFFF,
  0xFFDF,0xFFFF,0x7BCF,0x8430,0xFFFF,0xFFDF,0xFFFF,0xFFFF,0xFFFF,0xFFFF,0xFFFF,0xFFFF,
  0xFFFF,0xFFFF,0xFFFF,0xFFFF,0xFFFF,0xFFFF,0xFFFF,0xFFFF,0xFFFF,0xFFFF,0xF7BE,0x18E3,
  0x0000,0x9492,0xC618,0xBDF8,0x5ACB,0x0000,0x52AA,0xFFFF,0xDEFB,0x0861,0x0841,0xA534,
  0xBDD7,0xBE18,0x630C,0x0000,0x630C,0xFFFF,0xFFDF,0xFFDF,0xFFFF,0xFFFF,0x31A6,0x0000,
  0x0020,0x4A69,0xFFFF,0xFFDF,0xEF7D,0x2104,0x0000,0x9492,0xBDF7,0xBDF7,0x73AE,0x0000,
  0x4208,0xFFFF,0xFFFF,0xFFFF,0xFFFF,0xFFFF,0xFFFF,0xFFFF,0xFFFF,0xFFFF,0xFFFF,0xFFFF,
  0xFFFF,0xFFFF,0xFFFF,0xFFFF,0xFFFF,0xFFFF,0xFFFF,0xEF5D,0x4A69,0xF79E,0xFFFF,0xFFFF,
  0xFFFF,0xFFFF,0xFFFF,0xFFFF,0xFFDF,0xFFFF,0x7BCF,0x8430,0xFFFF,0xFFDF,0xFFFF,0xFFFF,
  0xFFFF,0xFFFF,0xFFFF,0xFFFF,0xFFFF,0xFFFF,0xF6FB,0xFF5D,0xFF9E,0xF6BA,0xFFFF,0xFFFF,
  0xFFFF,0xFFFF,0xF7BE,0x5ACB,0x39C7,0xDEDA,0xFFFF,0xFFFF,0x8430,0x0000,0x5ACB,0xFFFF,
  0xDEFB,0x0861,0x0841,0xE73C,0xFFFF,0xFFFF,0x8C51,0x0000,0x632C,0xFFFF,0xFFDF,0xFFFF,
  0xCE79,0x738E,0x2965,0x20E4,0x0000,0x4A49,0xFFFF,0xFFFF,0xF79D,0x18C3,0x0000,0xD6DA,
  0xFFFF,0xFFFF,0xAD75,0x0000,0x39E7,0xFFFF,0xFFDF,0xFFFF,0xFFFF,0xFFFF,0xF6FB,0xFF5D,
  0xFFBE,0xF6BA,0xFFFF,0xFFFF,0xFFFF,0xFFFF,0xFFFF,0xFFFF,0xFFFF,0xFFFF,0xFFFF,0xEF5D,
  0x4A69,0xF79E,0xFFFF,0xFFFF,0xFFFF,0xFFFF,0xFFFF,0xFFFF,0xFFDF,0xFFFF,0x7BCF,0x8430,
  0xFFFF,0xFFDF,0xFFFF,0xFFFF,0xFFFF,0xFFFF,0xFFFF,0xFFFF,0xFFFF,0xFFFF,0xDAEB,0xECF3,
  0xF618,0xD1C7,0xFFDF,0xFFFF,0xFFFF,0xFFFF,0xFFDF,0xFFFF,0xFFFF,0xFFFF,0xDEDB,0x9492,
  0x4A49,0x2104,0x8410,0xFFFF,0xDEFB,0x0861,0x0020,0xDEDB,0xFFFF,0xFFFF,0x8410,0x0000,
  0x630C,0xFFFF,0xFFDF,0xFFDF,0x9CD3,0x0000,0x6B6D,0xB596,0x0000,0x4A49,0xFFFF,0xFFFF,
  0xF7BE,0x52AA,0x10A2,0x6B4D,0x8C51,0x8C71,0x52AA,0x18E3,0x6B6D,0xFFFF,0xFFDF,0xFFFF,
  0xFFFF,0xFFFF,0xDB2B,0xEC91,0xF658,0xDA07,0xFFDF,0xFFFF,0xFFFF,0xFFFF,0xFFFF,0xFFFF,
  0xFFFF,0xFFFF,0xFFFF,0xEF7D,0x4A69,0xF79E,0xFFFF,0xFFFF,0xFFFF,0xFFFF,0xFFFF,0xFFFF,
  0xFFDF,0xFFFF,0x7BCF,0x8430,0xFFFF,0xFFDF,0xFFFF,0xFFFF,0xFFFF,0xFFFF,0xFFFF,0xFFFF,
  0xFFFF,0xFFDF,0xFFFF,0xE450,0xDB0B,0xFFFF,0xFFFF,0xFFFF,0xFFFF,0xFFFF,0xFFFF,0xF7BE,
  0xEF7E,0xF7BE,0x94B2,0x0000,0x0000,0xB5B6,0xFFFF,0xFFFF,0xDEFB,0x0861,0x0841,0xDEFB,
  0xFFFF,0xFFFF,0x8410,0x0000,0x5AEB,0xFFFF,0xF79E,0x4208,0x10A2,0x7BEF,0xEF7D,0xB596,
  0x0000,0x4A69,0xFFFF,0xFFFF,0xFFDF,0xFFDF,0x5AEB,0x0000,0x0000,0x0000,0x0000,0x8410,
  0xF7BE,0xF7BE,0xFFFF,0xFFFF,0xFFFF,0xFFFF,0xFFFF,0xE491,0xDB4C,0xFFFF,0xFFFF,0xFFFF,
  0xFFFF,0xFFFF,0xFFFF,0xFFFF,0xFFFF,0xFFFF,0xFFFF,0xEF7D,0x4A69,0xF79E,0xFFFF,0xFFFF,
  0xFFFF,0xFFFF,0xFFFF,0xFFFF,0xFFDF,0xFFFF,0x7BCF,0x8430,0xFFFF,0xFFDF,0xFFFF,0xFFFF,
  0xFFFF,0xFFFF,0xFFFF,0xFFFF,0xFFFF,0xFFFF,0xE410,0xE471,0xED13,0xE38E,0xFFFF,0xFFFF,
  0xFFFF,0xFFFF,0xFFFF,0xFFFF,0xCE79,0x18C3,0x0000,0x73AE,0xBDD7,0xE73C,0xFFFF,0xFFFF,
  0xE71C,0x0861,0x0841,0xDEFB,0xFFFF,0xFFFF,0x7BEF,0x0000,0x5AEB,0xFFFF,0xF79E,0x2104,
  0x0000,0x630C,0x9492,0x528A,0x0000,0x2124,0x8C51,0xF79E,0xF7DF,0x39E7,0x0841,0x8430,
  0xAD75,0xAD75,0x6B4D,0x0861,0x5AAB,0xFFFF,0xFFFF,0xFFFF,0xFFFF,0xFFFF,0xE451,0xDC0F,
  0xED34,0xE3CE,0xFFDF,0xFFFF,0xFFFF,0xFFFF,0xFFFF,0xFFFF,0xFFFF,0xFFFF,0xFFFF,0xEF5D,
  0x4A69,0xF79E,0xFFFF,0xFFFF,0xFFFF,0xFFFF,0xFFFF,0xFFFF,0xFFDF,0xFFFF,0x7BCF,0x8430,
  0xFFFF,0xFFDF,0xFFFF,0xFFFF,0xFFFF,0xFFFF,0xFFFF,0xFFFF,0xFFFF,0xFFFF,0xE4B2,0xF659,
  0xFF5C,0xEC30,0xFFFF,0xFFFF,0xFFFF,0xFFFF,0xFFDF,0x9CF3,0x5AEB,0x0841,0x632C,0xE71C,
  0xFFFF,0xFFFF,0xFFFF,0xFFFF,0xE71C,0x1082,0x0841,0xEF5D,0xFFFF,0xFFFF,0x8C51,0x0000,
  0x630C,0xFFFF,0xEF7D,0x10A2,0x0000,0x0000,0x0000,0x0000,0x0000,0x0000,0x0000,0xE73C,
  0xFFDF,0x2104,0x0000,0xD6BA,0xFFFF,0xFFFF,0xAD55,0x0000,0x4228,0xFFFF,0xFFFF,0xFFFF,
  0xFFDF,0xFFFF,0xE4D3,0xEDF7,0xFF3C,0xE430,0xFFFF,0xFFFF,0xFFFF,0xFFFF,0xFFFF,0xFFFF,
  0xFFFF,0xFFFF,0xFFFF,0xEF5D,0x4A69,0xF79E,0xFFFF,0xFFFF,0xFFFF,0xFFFF,0xFFFF,0xFFFF,
  0xFFDF,0xFFFF,0x7BCF,0x8430,0xFFFF,0xFFDF,0xFFFF,0xFFFF,0xFFFF,0xFFFF,0xFFFF,0xFFFF,
  0xFFFF,0xFFFF,0xFFFF,0xFFFF,0xFFFF,0xFFFF,0xFFFF,0xFFFF,0xFFFF,0xFFFF,0xFFDF,0x2944,
  0x0000,0x2124,0xCE59,0xC638,0xBDF7,0xBDD7,0xD6BA,0xFFFF,0xE71C,0x1082,0x0821,0xA534,
  0xC618,0xC638,0x6B4D,0x0000,0x630C,0xFFFF,0xF7BE,0x8C71,0x7BCF,0x8410,0x8C51,0x52AA,
  0x0020,0x2945,0x9492,0xF7BE,0xF79E,0x2104,0x0000,0x9492,0xC618,0xC617,0x738E,0x0000,
  0x4228,0xFFFF,0xFFFF,0xFFFF,0xFFFF,0xFFFF,0xFFFF,0xFFFF,0xFFFF,0xFFFF,0xFFFF,0xFFFF,
  0xFFFF,0xFFFF,0xFFFF,0xFFFF,0xFFFF,0xFFFF,0xFFFF,0xEF7D,0x4A69,0xF79E,0xFFFF,0xFFFF,
  0xFFFF,0xFFFF,0xFFFF,0xFFFF,0xFFDF,0xFFFF,0x7BCF,0x8430,0xFFFF,0xFFDF,0xFFFF,0xFFFF,
  0xFFFF,0xFFFF,0xFFFF,0xFFFF,0xFFFF,0xFFFF,0xFFFF,0xFFFF,0xFFFF,0xFFDF,0xFFFF,0xFFFF,
  0xFFFF,0xFFFF,0xF7BF,0x2124,0x0000,0x0000,0x0000,0x0000,0x0000,0x0000,0x4A49,0xFFFF,
  0xEF7E,0xD69A,0x2986,0x0000,0x0000,0x0000,0x0000,0x7BEF,0xDEFC,0xFFDF,0xFFFF,0xFFFF,
  0xFFFF,0xFFFF,0xFFFF,0xAD55,0x0000,0x4A48,0xFFFF,0xFFDF,0xF7BE,0xD69A,0x4228,0x0000,
  0x0000,0x0000,0x0000,0x630C,0xDEDB,0xFFDF,0xFFFF,0xFFFF,0xFFFF,0xFFFF,0xFFFF,0xFFFF,
  0xFFFF,0xFFDF,0xFFFF,0xFFFF,0xFFFF,0xFFFF,0xFFFF,0xFFFF,0xFFFF,0xFFFF,0xFFFF,0xEF7D,
  0x4A69,0xF79E,0xFFFF,0xFFFF,0xFFFF,0xFFFF,0xFFFF,0xFFFF,0xFFDF,0xFFFF,0x7BCF,0x8430,
  0xFFFF,0xFFFF,0xFFFF,0xFFFF,0xFFFF,0xFFFF,0xFFFF,0xFFFF,0xFFFF,0xFFFF,0xFFFF,0xFFFF,
  0xFFFF,0xFFFF,0xFFFF,0xFFFF,0xFFFF,0xFFFF,0xFFDF,0x8410,0x632C,0x6B4D,0x6B6D,0x6B4D,
  0x6B4D,0x632C,0xA514,0xFFFF,0xF7BF,0xFFFF,0x9CD3,0x632C,0x6B6D,0x738E,0x6B4D,0xD69A,
  0xFFFF,0xFFDF,0xFFFF,0xFFDF,0xFFDF,0xF7BF,0xFFDF,0xCE59,0x632C,0x94B3,0xFFDF,0xFFDF,
  0xFFDF,0xFFFF,0xA514,0x630C,0x6B6D,0x6B6D,0x630C,0xBDD7,0xFFFF,0xFFDF,0xFFFF,0xFFFF,
  0xFFFF,0xFFFF,0xFFFF,0xFFFF,0xFFFF,0xFFFF,0xFFFF,0xFFFF,0xFFFF,0xFFFF,0xFFFF,0xFFFF,
  0xFFFF,0xFFFF,0xFFFF,0xEF7D,0x4A69,0xF79E,0xFFFF,0xFFFF,0xFFFF,0xFFFF,0xFFFF,0xFFFF,
  0xFFDF,0xFFFF,0x7BCF,0x8430,0xFFFF,0xFFDF,0xFFFF,0xFFFF,0xFFFF,0xFFFF,0xFFFF,0xFFFF,
  0xFFFF,0xFFDF,0xFFDF,0xFFFF,0xFFDF,0xFFDF,0xFFDF,0xFFDF,0xFFFF,0xFFDF,0xFFFF,0xFFFF,
  0xFFFF,0xFFFF,0xFFFF,0xFFFF,0xFFFF,0xFFFF,0xFFFF,0xFFDF,0xFFDF,0xFFDF,0xFFFF,0xFFFF,
  0xFFFF,0xFFFF,0xFFFF,0xFFFF,0xFFDF,0xFFDF,0xFFDF,0xFFDF,0xFFFF,0xFFFF,0xFFDF,0xFFFF,
  0xFFFF,0xFFFF,0xFFFF,0xFFDF,0xFFDF,0xFFDF,0xFFFF,0xFFFF,0xFFFF,0xFFFF,0xFFFF,0xFFFF,
  0xFFDF,0xFFDF,0xFFDF,0xFFDF,0xFFDF,0xFFDF,0xFFFF,0xFFDF,0xFFDF,0xFFDF,0xFFFF,0xFFFF,
  0xFFFF,0xFFFF,0xFFFF,0xFFFF,0xFFFF,0xFFFF,0xFFFF,0xEF7D,0x4A69,0xF79E,0xFFFF,0xFFFF,
  0xFFFF,0xFFFF,0xFFFF,0xFFFF,0xFFDF,0xFFFF,0x7BCF,0x8430,0xFFFF,0xFFDF,0xFFFF,0xFFFF,
  0xFFFF,0xFFFF,0xFFFF,0xFFFF,0xFFFF,0xFFFF,0xFFFF,0xFFFF,0xFFFF,0xFFFF,0xFFFF,0xFFFF,
  0xFFFF,0xFFFF,0xFFFF,0xFFFF,0xFFFF,0xFFFF,0xFFFF,0xFFFF,0xFFFF,0xFFFF,0xFFFF,0xFFFF,
  0xFFFF,0xFFFF,0xFFFF,0xFFFF,0xFFFF,0xFFFF,0xFFFF,0xFFFF,0xFFFF,0xFFFF,0xFFFF,0xFFFF,
  0xFFFF,0xFFFF,0xFFFF,0xFFFF,0xFFFF,0xFFFF,0xFFFF,0xFFFF,0xFFFF,0xFFFF,0xFFFF,0xFFFF,
  0xFFFF,0xFFFF,0xFFFF,0xFFFF,0xFFFF,0xFFFF,0xFFFF,0xFFFF,0xFFFF,0xFFFF,0xFFFF,0xFFFF,
  0xFFFF,0xFFFF,0xFFFF,0xFFFF,0xFFFF,0xFFFF,0xFFFF,0xFFFF,0xFFFF,0xFFFF,0xFFFF,0xEF7D,
  0x4A69,0xF79E,0xFFFF,0xFFFF,0xFFFF,0xFFFF,0xFFFF,0xFFFF,0xFFDF,0xFFFF,0x7BCF,0x8430,
  0xFFFF,0xFFDF,0xFFFF,0xFFFF,0xFFFF,0xFFFF,0xFFFF,0xFFFF,0xFFFF,0xB596,0x8C71,0x9492,
  0x9492,0x8C71,0x8C71,0x8C71,0x8C71,0x8C71,0x8C71,0x8C71,0x9492,0x8C71,0x94B2,0x9CD3,
  0x8C71,0x9492,0x8C71,0x8C71,0x8C71,0x8C71,0x8C71,0x8C71,0x8C71,0x8C71,0x9492,0x9492,
  0x8C71,0x9CD3,0x94B2,0x8C71,0x9491,0x8C71,0x8C71,0x8C71,0x8C71,0x8C71,0x8C71,0x8C71,
  0x9492,0x9492,0x9492,0x9492,0x9CF3,0x9492,0x8C71,0x9492,0x8C71,0x8C71,0x8C71,0x8C71,
  0x8C71,0x8C91,0x8C71,0x8C71,0x8C71,0x8C71,0xAD75,0xFFFF,0xFFFF,0xFFFF,0xFFFF,0xFFFF,
  0xFFFF,0xFFFF,0xFFFF,0xEF7D,0x4A69,0xF79E,0xFFFF,0xFFFF,0xFFFF,0xFFFF,0xFFFF,0xFFFF,
  0xFFDF,0xFFFF,0x7BCF,0x8430,0xFFFF,0xFFDF,0xFFFF,0xFFFF,0xFFFF,0xFFFF,0xFFFF,0xFFFF,
  0x94B2,0x2945,0x73AE,0x73AE,0x73AE,0x73AE,0x738E,0x738E,0x738E,0x738E,0x738E,0x738E,
  0x73AE,0x7BCF,0x39C7,0x1082,0x73AE,0x73AE,0x738E,0x738E,0x738D,0x738D,0x738E,0x73AE,
  0x73AE,0x73AE,0x73AE,0x738E,0x738E,0x0841,0x39E7,0x73CF,0x73AE,0x73AE,0x738E,0x738E,
  0x738E,0x738E,0x6B8D,0x738E,0x73AE,0x73AE,0x73AE,0x632C,0x0000,0x52AA,0x7BCF,0x73AE,
  0x738E,0x6B6D,0x6B8D,0x738E,0x73AE,0x73AE,0x738E,0x6B8D,0x738E,0x7BCF,0x2965,0x8C92,
  0xFFFF,0xFFFF,0xFFFF,0xFFFF,0xFFFF,0xFFFF,0xFFFF,0xEF7D,0x4A69,0xF79E,0xFFFF,0xFFFF,
  0xFFFF,0xFFFF,0xFFFF,0xFFFF,0xFFDF,0xFFFF,0x7BCF,0x8430,0xFFFF,0xFFDF,0xFFFF,0xFFFF,
  0xFFFF,0xFFFF,0xFFFF,0xFFFF,0x4228,0xBDD7,0xFFFF,0xFFFF,0xFFFF,0xFFFF,0xFFFF,0xFFFF,
  0xFFFF,0xFFFF,0xFFFF,0xFFFF,0xFFFF,0xFFFF,0xC618,0x8C51,0xFFFF,0xFFFF,0xFFFF,0xFFFF,
  0xFFFF,0xFFFF,0xFFFF,0xFFFF,0xFFFF,0xFFFF,0xFFFF,0xFFFF,0xFFFF,0x73AE,0xD69A,0xFFFF,
  0xFFFF,0xFFFF,0xFFFF,0xFFFF,0xFFFF,0xFFFF,0xFFFF,0xFFFF,0xFFFF,0xFFFF,0xFFFF,0xFFFF,
  0x632C,0xF7BE,0xFFFF,0xFFFF,0xFFFF,0xFFFF,0xFFFF,0xFFFF,0xFFFF,0xFFFF,0xFFFF,0xFFFF,
  0xFFFF,0xFFFF,0xBDF7,0x39E7,0xFFFF,0xFFFF,0xFFFF,0xFFFF,0xFFFF,0xFFFF,0xFFFF,0xEF7D,
  0x4A69,0xF79E,0xFFFF,0xFFFF,0xFFFF,0xFFFF,0xFFFF,0xFFFF,0xFFFF,0xFFFF,0x7BCF,0x8430,
  0xFFFF,0xFFDF,0xFFFF,0xFFFF,0xFFFF,0xFFFF,0xFFFF,0xFFFF,0x52AA,0xC618,0xFFDF,0xEF7D,
  0xF79E,0xEF7D,0xFFDF,0xFFDF,0xFFDF,0xF79E,0xEF7D,0xF79E,0xF79E,0xFFDF,0xB5B6,0x8430,
  0xFFDF,0xEF7D,0xEF7D,0xEF7D,0xEF7D,0xEF7D,0xFFDF,0xF7BE,0xF79E,0xF79E,0xF79E,0xEF5D,
  0xFFDF,0x738E,0xC638,0xFFDF,0xF79D,0xEF7D,0xEF7D,0xFFDF,0xFFDE,0xF79E,0xF7BE,0xF79E,
  0xF79E,0xEF7D,0xEF5D,0xF79D,0x6B4D,0xE73C,0xF7BE,0xEF7D,0xEF7D,0xEF7D,0xF79E,0xF7BE,
  0xFFFF,0xF79E,0xEF7D,0xF79E,0xEF7D,0xFFDF,0xC618,0x4A69,0xFFFF,0xFFFF,0xFFFF,0xFFFF,
  0xFFFF,0xFFFF,0xFFFF,0xEF7D,0x4A69,0xF79E,0xFFFF,0xFFFF,0xFFFF,0xFFFF,0xFFFF,0xFFFF,
  0xFFFF,0xFFFF,0x7BCE,0x8430,0xFFFF,0xFFDF,0xFFFF,0xFFFF,0xFFFF,0xFFFF,0xFFFF,0xFFFF,
  0x528A,0xC5F7,0xFFFF,0xF79E,0xF79E,0xFFDF,0xC618,0x4A69,0x632C,0xE73C,0xF7BE,0xF7BE,
  0xF79E,0xFFFF,0xBDD7,0x8410,0xFFFF,0xEF9D,0xF79E,0xF7BE,0xF7BE,0xFFFF,0x7BEF,0xB596,
  0xFFFF,0xF79E,0xF79E,0xEF9D,0xFFFF,0x7BCE,0xC638,0xFFFF,0xF7BE,0xF79E,0xF7BE,0xD699,
  0x4A89,0x5ACB,0xE71C,0xFFDF,0xF79E,0xF79E,0xF79E,0xFFDF,0x6B4D,0xE73C,0xF7BE,0xF79E,
  0xF79E,0xF79E,0xFFDF,0xEF5D,0x6B4D,0xEF5D,0xF7BE,0xF79E,0xF79E,0xFFFF,0xC618,0x4A49,
  0xFFFF,0xFFFF,0xFFFF,0xFFFF,0xFFFF,0xFFFF,0xFFFF,0xEF7D,0x4A69,0xF79E,0xFFFF,0xFFFF,
  0xFFFF,0xFFFF,0xFFFF,0xFFFF,0xFFDF,0xFFFF,0x7BCF,0x8430,0xFFFF,0xFFDF,0xFFFF,0xFFFF,
  0xFFFF,0xFFFF,0xFFFF,0xFFFF,0x528A,0xC618,0xFFFF,0xF79E,0xF79E,0xFFFF,0x7BEF,0xC638,
  0x7BEF,0x8410,0xFFFF,0xF79E,0xF79E,0xFFFF,0xBDD7,0x8410,0xFFFF,0xF79E,0xF79E,0xF79D,
  0xFFFF,0xB596,0x0000,0x9CD3,0xFFFF,0xEF7D,0xF79E,0xF79D,0xFFFF,0x7BCF,0xC638,0xFFFF,
  0xF79E,0xEF7D,0xFFFF,0x9492,0xAD75,0x9CF3,0x6B6D,0xFFFF,0xEF7D,0xF79E,0xF7BE,0xFFDF,
  0x6B4D,0xE71C,0xF7BE,0xF79E,0xF79E,0xF79E,0xFFFF,0x5AEB,0x1082,0xE73C,0xF7BE,0xF79E,
  0xF79E,0xFFFF,0xC638,0x4A49,0xFFFF,0xFFFF,0xFFFF,0xFFFF,0xFFFF,0xFFFF,0xFFFF,0xEF7D,
  0x4A69,0xF79E,0xFFFF,0xFFFF,0xFFFF,0xFFFF,0xFFFF,0xFFFF,0xFFDF,0xFFFF,0x7BCF,0x8430,
  0xFFFF,0xFFDF,0xFFFF,0xFFFF,0xFFFF,0xFFFF,0xFFFF,0xFFFF,0x528A,0xBDF7,0xFFFF,0xF79E,
  0xF7BE,0xF7BE,0xFFFF,0xEF7D,0x4A69,0xBDF7,0xFFFF,0xF7BE,0xF79E,0xFFFF,0xB5B6,0x8410,
  0xFFFF,0xF79E,0xF79E,0xFFDF,0xC638,0x6B4D,0x6B4D,0x9CF3,0xFFFF,0xEF7D,0xF7BE,0xF79E,
  0xFFFF,0x7BCF,0xC618,0xFFFF,0xEF9E,0xF79E,0xF79E,0xFFFF,0xFFFF,0x630C,0xAD55,0xFFDF,
  0xEF7D,0xF79E,0xF7BE,0xF7BE,0x632C,0xE71C,0xF7BE,0xF7BE,0xF79E,0xFFFF,0x8C71,0x8410,
  0x52AA,0xDEFC,0xFFDF,0xF79E,0xF79E,0xFFFF,0xC638,0x4A49,0xFFFF,0xFFFF,0xFFFF,0xFFFF,
  0xFFFF,0xFFFF,0xFFFF,0xEF7D,0x4A69,0xF79E,0xFFFF,0xFFFF,0xFFFF,0xFFFF,0xFFFF,0xFFFF,
  0xFFDF,0xFFFF,0x7BCF,0x8430,0xFFFF,0xFFDF,0xFFFF,0xFFFF,0xFFFF,0xFFFF,0xFFFF,0xFFFF,
  0x528A,0xBDF7,0xFFFF,0xF79E,0xF79E,0xFFDF,0xEF7D,0x630C,0xBDF7,0xFFFF,0xF7BE,0xF7BE,
  0xF79E,0xFFFF,0xB5B6,0x8410,0xFFFF,0xF79E,0xF79E,0xFFFF,0x9CF3,0x2945,0x2965,0x4A69,
  0xFFDF,0xF7BE,0xF7BE,0xF79E,0xFFFF,0x738E,0xC618,0xFFFF,0xF79E,0xF7BE,0xF7BE,0xF7BE,
  0x738E,0xAD55,0xFFFF,0xEF7D,0xF7BE,0xF7BE,0xF79E,0xF79E,0x632C,0xE71C,0xFFDF,0xF7BE,
  0xF79E,0xFFFF,0x4A69,0x4A49,0x18C3,0xA534,0xFFFF,0xF79E,0xF79E,0xFFFF,0xC618,0x4A49,
  0xFFFF,0xFFFF,0xFFFF,0xFFFF,0xFFFF,0xFFFF,0xFFFF,0xEF7D,0x4A69,0xF79E,0xFFFF,0xFFFF,
  0xFFFF,0xFFFF,0xFFFF,0xFFFF,0xFFDF,0xFFFF,0x7BCF,0x8430,0xFFFF,0xFFDF,0xFFFF,0xFFFF,
  0xFFFF,0xFFFF,0xFFFF,0xFFFF,0x528A,0xBDF7,0xFFFF,0xF79E,0xF79E,0xFFFF,0x5AEB,0x2965,
  0x8410,0xC5F8,0xFFFF,0xF79E,0xF79E,0xFFFF,0xB5B6,0x8410,0xFFFF,0xF79E,0xF79E,0xF7BE,
  0xE73C,0xCE59,0x4228,0x73AE,0xFFFF,0xF7BE,0xF7BE,0xF79E,0xFFFF,0x738E,0xBDF7,0xFFFF,
  0xF7BE,0xF79E,0xFFFF,0x73AE,0x18E3,0x8430,0xB5B6,0xFFFF,0xF79E,0xF79E,0xF79E,0xF79E,
  0x632C,0xE73C,0xFFDF,0xF7BE,0xF7BE,0xF79E,0xD6BA,0xB596,0x2945,0xCE79,0xFFFF,0xF7BE,
  0xF79E,0xFFFF,0xC618,0x4A49,0xFFFF,0xFFFF,0xFFFF,0xFFFF,0xFFFF,0xFFFF,0xFFFF,0xEF7D,
  0x4A69,0xF79E,0xFFFF,0xFFFF,0xFFFF,0xFFFF,0xFFFF,0xFFFF,0xFFDF,0xFFFF,0x7BCF,0x8430,
  0xFFFF,0xFFDF,0xFFFF,0xFFFF,0xFFFF,0xFFFF,0xFFFF,0xFFFF,0x528A,0xBE17,0xFFFF,0xF79E,
  0xF79E,0xFFDF,0xBDF7,0x9CD3,0x9492,0xD69A,0xFFDF,0xF79E,0xF79E,0xFFFF,0xB5B6,0x8410,
  0xFFFF,0xF79E,0xF79E,0xF79E,0xF79E,0xFFFF,0xCE79,0xDEDB,0xFFDF,0xF79E,0xF7BE,0xF79E,
  0xFFFF,0x7BCE,0xC618,0xFFFF,0xF79E,0xF79E,0xF7BE,0xC618,0x9CF3,0x9492,0xC638,0xFFDF,
  0xF79E,0xF79E,0xF79E,0xF7BE,0x6B4D,0xE73C,0xFFDF,0xF79E,0xF79E,0xF79E,0xF7BE,0xFFFF,
  0xC618,0xF79E,0xF7BE,0xF7BE,0xF79E,0xFFFF,0xC618,0x4A49,0xFFFF,0xFFFF,0xFFFF,0xFFFF,
  0xFFFF,0xFFFF,0xFFFF,0xEF7D,0x4A69,0xF79E,0xFFFF,0xFFFF,0xFFFF,0xFFFF,0xFFFF,0xFFFF,
  0xFFDF,0xFFFF,0x7BCF,0x8430,0xFFFF,0xFFDF,0xFFFF,0xFFFF,0xFFFF,0xFFFF,0xFFFF,0xFFFF,
  0x528A,0xC638,0xFFFF,0xF79E,0xF79E,0xF79E,0xFFFF,0xFFFF,0xFFFF,0xFFFF,0xFFDF,0xF7DE,
  0xF79E,0xFFFF,0xBDF7,0x8430,0xFFFF,0xF79E,0xF7BE,0xF7BE,0xF79E,0xF79D,0xFFFF,0xFFFF,
  0xF7BE,0xF7BE,0xF7BE,0xF79D,0xFFFF,0x8410,0xCE59,0xFFFF,0xF79E,0xF79E,0xF79E,0xFFFF,
  0xFFFF,0xFFFF,0xFFFF,0xF79E,0xF79E,0xF7BE,0xF7BE,0xFFFF,0x6B6D,0xE73C,0xF7BE,0xF79E,
  0xF7BE,0xF7BE,0xF7BE,0xF7BE,0xFFFF,0xF79E,0xF79E,0xF79E,0xF79E,0xFFFF,0xCE59,0x4A49,
  0xFFFF,0xFFFF,0xFFFF,0xFFFF,0xFFFF,0xFFFF,0xFFFF,0xEF7D,0x4A69,0xF79E,0xFFFF,0xFFFF,
  0xFFFF,0xFFFF,0xFFFF,0xFFFF,0xFFDF,0xFFFF,0x7BCF,0x8430,0xFFFF,0xFFDF,0xFFFF,0xFFFF,
  0xFFFF,0xFFFF,0xFFFF,0xFFFF,0x4A69,0xAD75,0xFFDF,0xF79E,0xEF7D,0xEF7D,0xEF7D,0xEF7D,
  0xEF7D,0xEF7D,0xF79D,0xF79E,0xF79E,0xFFDF,0xAD55,0x6B6D,0xFFDF,0xEF5D,0xEF9D,0xF79E,
  0xF79E,0xF79E,0xF79E,0xF7BE,0xF7BE,0xF7BE,0xF79E,0xEF7D,0xFFDF,0x630C,0xB5B6,0xFFDF,
  0xF79E,0xF7BE,0xF7BE,0xF7BE,0xF79E,0xEF7D,0xEF7D,0xF79E,0xF7BE,0xF7BE,0xF7BE,0xEF7D,
  0x528A,0xD69A,0xF79E,0xEF7D,0xF79E,0xF7BE,0xF7BE,0xF79E,0xF79E,0xF79E,0xEF7D,0xF79E,
  0xF79E,0xFFDF,0xB5B6,0x4228,0xFFFF,0xFFFF,0xFFFF,0xFFFF,0xFFFF,0xFFFF,0xFFFF,0xEF5D,
  0x4A69,0xF79E,0xFFFF,0xFFFF,0xFFFF,0xFFFF,0xFFFF,0xFFFF,0xFFDF,0xFFFF,0x7BCF,0x8430,
  0xFFFF,0xFFDF,0xFFFF,0xFFFF,0xFFFF,0xFFFF,0xFFFF,0xFFFF,0x4A49,0x3186,0x8430,0x7BEF,
  0x7BEF,0x7BCF,0x7C0F,0x8430,0x8410,0x7BEF,0x7BCF,0x7BEF,0x8410,0x8451,0x39C7,0x0861,
  0x7BEF,0x7BEF,0x7BCF,0x8410,0x8430,0x8410,0x7C10,0x8410,0x8430,0x8430,0x7BEF,0x7BEF,
  0x73CE,0x0020,0x31A6,0x7BEF,0x73AE,0x7BCF,0x73AE,0x738E,0x738E,0x6B6D,0x6B6D,0x73AE,
  0x7BCF,0x73AE,0x73AE,0x5AEB,0x0000,0x528A,0x8410,0x7BEF,0x8410,0x8410,0x8410,0x7BEF,
  0x7BEF,0x7BF0,0x8410,0x8410,0x7BEF,0x8430,0x31A6,0x4208,0xFFFF,0xFFFF,0xFFFF,0xFFFF,
  0xFFFF,0xFFFF,0xFFFF,0xEF7D,0x4A69,0xF79E,0xFFFF,0xFFFF,0xFFFF,0xFFFF,0xFFFF,0xFFFF,
  0xFFDF,0xFFFF,0x7BCF,0x8430,0xFFFF,0xFFDF,0xFFFF,0xFFFF,0xFFFF,0xFFFF,0xFFFF,0xFFFF,
  0x528A,0xAD75,0xF79E,0xE73C,0xE73D,0xE73C,0xEF5D,0xEF7D,0xEF5D,0xE73C,0xE73C,0xEF5D,
  0xEF7D,0xFFDF,0xAD55,0x6B6D,0xF7BE,0xE71C,0xE73C,0xEF5D,0xEF7D,0xEF7D,0xEF5D,0xEF5D,
  0xEF5D,0xEF5D,0xE73C,0xE71C,0xF7BE,0x630C,0x94B2,0xD69A,0xC638,0xC618,0xBDF7,0xBDF7,
  0xBDF7,0xBDF7,0xC618,0xC638,0xC638,0xC618,0xBDF7,0xB5D6,0x4228,0xD6BA,0xEF7D,0xEF5D,
  0xEF7D,0xEF5D,0xEF5D,0xEF5D,0xE73C,0xE73C,0xEF7D,0xEF7D,0xE73C,0xF79E,0xB596,0x4A49,
  0xFFFF,0xFFFF,0xFFFF,0xFFFF,0xFFFF,0xFFFF,0xFFFF,0xEF7D,0x4A69,0xF79E,0xFFFF,0xFFFF,
  0xFFFF,0xFFFF,0xFFFF,0xFFFF,0xFFDF,0xFFFF,0x7BCF,0x8430,0xFFFF,0xFFDF,0xFFFF,0xFFFF,
  0xFFFF,0xFFFF,0xFFFF,0xFFFF,0x528A,0xC617,0xFFDF,0xEF7D,0xF79E,0xF79E,0xEF7D,0xEF5D,
  0xF79E,0xEF7D,0xEF7D,0xF79E,0xEF7D,0xFFFF,0xBDD7,0x8430,0xFFFF,0xEF5D,0xEF7D,0xEF7D,
  0xEF7D,0xFFDE,0xFFFF,0xEF7D,0xEF5D,0xEF7D,0xEF7D,0xEF5D,0xFFFF,0x7BEF,0xA534,0xD69A,
  0xC638,0xC618,0xC638,0xCE59,0xC638,0xCE59,0xD6BA,0xCE79,0xC638,0xC638,0xC638,0xCE59,
  0x630C,0xEF5D,0xF79E,0xEF7D,0xEF7D,0xEF7D,0xEF5D,0xFFFF,0xFFDF,0xEF5D,0xEF7D,0xEF7D,
  0xEF5D,0xFFDF,0xC638,0x4A69,0xFFFF,0xFFFF,0xFFFF,0xFFFF,0xFFFF,0xFFFF,0xFFFF,0xEF7D,
  0x4A69,0xF79E,0xFFFF,0xFFFF,0xFFFF,0xFFFF,0xFFFF,0xFFFF,0xFFDF,0xFFFF,0x7BCF,0x8430,
  0xFFFF,0xFFDF,0xFFFF,0xFFFF,0xFFFF,0xFFFF,0xFFFF,0xFFFF,0x528A,0xBDD7,0xFFDF,0xEF7D,
  0xF79E,0xEF7D,0xEF5D,0xF79E,0xCE79,0xEF5D,0xEF7D,0xEF7D,0xEF7D,0xFFDF,0xB596,0x7BEF,
  0xFFFF,0xEF5D,0xEF7D,0xEF7D,0xFFDF,0xCE79,0xA534,0xE73C,0xEF7D,0xEF7D,0xEF7D,0xEF7D,
  0xFFFF,0x73AE,0x9CF3,0xCE79,0xC618,0xCE59,0xC618,0xAD75,0xCE79,0xCE59,0x8C71,0xA514,
  0xCE59,0xC638,0xCE59,0xCE59,0x5AEB,0xE71C,0xF79E,0xEF7D,0xEF5D,0xEF7D,0xF7BE,0xB5B6,
  0xC638,0xF7BE,0xEF5D,0xEF7D,0xEF7D,0xFFDF,0xBDF7,0x4A49,0xFFFF,0xFFFF,0xFFFF,0xFFFF,
  0xFFFF,0xFFFF,0xFFFF,0xEF7D,0x528A,0xF79E,0xFFFF,0xFFFF,0xFFFF,0xFFFF,0xFFFF,0xFFFF,
  0xFFDF,0xFFFF,0x7BCF,0x8430,0xFFFF,0xFFDF,0xFFFF,0xFFFF,0xFFFF,0xFFFF,0xFFFF,0xFFFF,
  0x528A,0xBDF7,0xFFDF,0xEF7D,0xF79E,0xEF7D,0xFFFF,0xA514,0x18C3,0xE73C,0xF79E,0xEF7D,
  0xEF5D,0xFFDF,0xB596,0x7BEF,0xFFFF,0xEF7D,0xEF7D,0xF7BE,0xC618,0x4A69,0x6B4D,0x632C,
  0xF79E,0xEF7D,0xEF7D,0xEF7D,0xFFFF,0x738E,0x94B2,0xCE59,0xC638,0xCE59,0x39C7,0x4A49,
  0xDEDB,0x630C,0x528A,0x4228,0xA514,0xCE59,0xCE59,0xCE79,0x5AEB,0xDEFB,0xF79E,0xEF7D,
  0xEF5D,0xFFDF,0x8430,0x632C,0x52AA,0xAD75,0xF7BE,0xEF7D,0xEF7D,0xF7DF,0xBDF7,0x4A49,
  0xFFFF,0xFFFF,0xFFFF,0xFFFF,0xFFFF,0xFFFF,0xFFFF,0xEF7D,0x5269,0xF79E,0xFFFF,0xFFFF,
  0xFFFF,0xFFFF,0xFFFF,0xFFFF,0xFFDF,0xFFFF,0x7BCE,0x8430,0xFFFF,0xFFDF,0xFFFF,0xFFFF,
  0xFFFF,0xFFFF,0xFFFF,0xFFFF,0x528A,0xBDF7,0xFFDF,0xEF7D,0xEF7D,0xF7BE,0xD69A,0x52AA,
  0x39E7,0xE73C,0xF7BE,0xEF7D,0xEF5D,0xFFDF,0xB596,0x8410,0xFFFF,0xEF7D,0xEF7D,0xFFDE,
  0xA534,0x528A,0xAD75,0x52AA,0xF7BE,0xEF7D,0xEF7D,0xEF5D,0xFFDF,0x6B6D,0x94B2,0xCE59,
  0xC639,0xCE59,0x52AA,0x4A69,0xDEDB,0x3186,0x7BCF,0x94B2,0xBDF7,0xC638,0xC638,0xCE59,
  0x5ACB,0xDEFB,0xF79E,0xEF7D,0xEF7D,0xFFFF,0x5AEB,0x9CF3,0x6B6D,0x9492,0xFFFF,0xEF7D,
  0xEF7D,0xF7DF,0xC5F7,0x4A49,0xFFFF,0xFFFF,0xFFFF,0xFFFF,0xFFFF,0xFFFF,0xFFFF,0xEF7D,
  0x4A69,0xF79E,0xFFFF,0xFFFF,0xFFFF,0xFFFF,0xFFFF,0xFFFF,0xFFDF,0xFFFF,0x7BCF,0x8430,
  0xFFFF,0xFFDF,0xFFFF,0xFFFF,0xFFFF,0xFFFF,0xFFFF,0xFFFF,0x528A,0xBDF7,0xFFDF,0xEF5D,
  0xEF5D,0xFFFF,0x4A69,0x73AE,0x4208,0xC618,0xFFDF,0xEF7D,0xEF7D,0xFFDF,0xB596,0x7BEF,
  0xFFFF,0xEF7D,0xEF7D,0xF79E,0xCE59,0x4A49,0x5AEB,0x7BCF,0xF7BE,0xEF7D,0xEF7D,0xEF5D,
  0xFFDF,0x6B6D,0x9CD3,0xD69A,0xC638,0xDEDB,0x94B2,0x4A69,0xDEFB,0x39E7,0x5ACB,0x4208,
  0xA514,0xD69A,0xC618,0xC618,0x5ACB,0xDEFB,0xF79E,0xEF7D,0xEF7D,0xFFFF,0x8C51,0x4A49,
  0x4228,0xBDD7,0xFFDF,0xEF7D,0xEF7D,0xF7BE,0xC617,0x4A49,0xFFFF,0xFFFF,0xFFFF,0xFFFF,
  0xFFFF,0xFFFF,0xFFFF,0xEF7D,0x4A69,0xF79E,0xFFFF,0xFFFF,0xFFFF,0xFFFF,0xFFFF,0xFFFF,
  0xFFDF,0xFFFF,0x7BCF,0x8430,0xFFFF,0xFFDF,0xFFFF,0xFFFF,0xFFFF,0xFFFF,0xFFFF,0xFFFF,
  0x528A,0xBDD7,0xFFDF,0xEF7D,0xEF5D,0xF7BE,0x8C71,0x52AA,0x0861,0xA534,0xFFFF,0xEF7D,
  0xEF7D,0xFFDF,0xB596,0x7BEF,0xFFFF,0xEF5D,0xEF5D,0xFFFF,0x9CF3,0x632C,0xE73C,0x3186,
  0xEF5D,0xEF7D,0xEF7D,0xEF5D,0xFFFF,0x738E,0x9CF3,0xD6BA,0xC638,0xCE79,0x73AE,0x39E7,
  0xD6BA,0x31A6,0xB5B6,0x5AEB,0x8410,0xDEDB,0xC618,0xC618,0x52AA,0xE6FB,0xF79E,0xEF7D,
  0xEF7D,0xFFFF,0x4208,0xC618,0x7BEF,0x7BEF,0xFFFF,0xEF5D,0xEF5D,0xF7BE,0xC5F7,0x4A49,
  0xFFFF,0xFFFF,0xFFFF,0xFFFF,0xFFFF,0xFFFF,0xFFFF,0xEF7D,0x5269,0xF79E,0xFFFF,0xFFFF,
  0xFFFF,0xFFFF,0xFFFF,0xFFFF,0xFFDF,0xFFFF,0x7BCF,0x8430,0xFFFF,0xFFDF,0xFFFF,0xFFFF,
  0xFFFF,0xFFFF,0xFFFF,0xFFFF,0x528A,0xBDD7,0xFFDF,0xEF7D,0xF79E,0xEF7D,0xF7DE,0xF7DF,
  0x738E,0xEF5D,0xF7BE,0xEF7D,0xEF7D,0xFFDF,0xAD96,0x7BEF,0xFFFF,0xEF7D,0xEF7D,0xF79E,
  0xEF7D,0x6B6D,0x4208,0x9CF3,0xF79E,0xEF5D,0xEF7D,0xEF7D,0xFFFF,0x73AE,0xA514,0xCE79,
  0xC638,0xBDD7,0x4208,0x2985,0xAD55,0x94B2,0x31A6,0x5ACB,0xCE59,0xCE79,0xC638,0xC638,
  0x5ACB,0xE71C,0xF79E,0xEF7D,0xEF5D,0xF79E,0xB5B6,0x4208,0x5ACB,0xDEFB,0xF79E,0xEF7D,
  0xEF5D,0xF7BE,0xC618,0x4A49,0xFFFF,0xFFFF,0xFFFF,0xFFFF,0xFFFF,0xFFFF,0xFFFF,0xEF7D,
  0x5289,0xF79E,0xFFFF,0xFFFF,0xFFFF,0xFFFF,0xFFFF,0xFFFF,0xFFDF,0xFFFF,0x7BCF,0x8430,
  0xFFFF,0xFFDF,0xFFFF,0xFFFF,0xFFFF,0xFFFF,0xFFFF,0xFFFF,0x528A,0xBDD7,0xF7BE,0xEF5D,
  0xEF7D,0xEF7D,0xE73C,0xEF5D,0xF7BE,0xF79E,0xEF7D,0xEF7D,0xEF5D,0xF7BE,0xB596,0x7BEF,
  0xFFFF,0xEF5D,0xEF7D,0xEF7D,0xF79E,0xEF7D,0xE73C,0xEF7D,0xEF5D,0xEF5D,0xEF5D,0xEF5D,
  0xFFFF,0x7BCF,0x9CF3,0xCE59,0xC5F8,0xBDF7,0xC618,0xCE59,0xCE59,0xCE79,0xC618,0xCE59,
  0xCE79,0xC638,0xC638,0xC638,0x5AEB,0xE71C,0xF77D,0xEF5D,0xEF5D,0xEF5D,0xF7BE,0xF79E,
  0xF79E,0xF79E,0xEF5D,0xEF5D,0xEF5D,0xFFDF,0xBDF7,0x4A49,0xFFFF,0xFFFF,0xFFFF,0xFFFF,
  0xFFFF,0xFFFF,0xFFFF,0xEF7D,0x528A,0xF79E,0xFFFF,0xFFFF,0xFFFF,0xFFFF,0xFFFF,0xFFFF,
  0xFFDF,0xFFFF,0x7BCF,0x8430,0xFFFF,0xFFDF,0xFFFF,0xFFFF,0xFFFF,0xFFFF,0xFFFF,0xFFFF,
  0x528A,0xCE59,0xFFFF,0xF7BE,0xFFDF,0xFFDF,0xFFDF,0xF7BE,0xFFDE,0xFFDF,0xFFDF,0xF7BE,
  0xF7BE,0xFFFF,0xC638,0x8C71,0xFFFF,0xF79E,0xFFDF,0xFFDF,0xF7BE,0xF79E,0xF7BE,0xF7BE,
  0xFFDF,0xFFDF,0xFFDF,0xF7BE,0xFFFF,0x7BCF,0xA514,0xD69A,0xCE59,0xCE59,0xCE79,0xD69A,
  0xD6BA,0xD69A,0xCE79,0xCE59,0xCE79,0xCE79,0xD69A,0xD6BA,0x632C,0xF79E,0xFFDF,0xF7BE,
  0xF7BE,0xFFDF,0xFFDF,0xFFFF,0xF7BE,0xF79E,0xF7BE,0xFFDF,0xFFDF,0xFFFF,0xCE79,0x4A49,
  0xFFFF,0xFFFF,0xFFFF,0xFFFF,0xFFFF,0xFFFF,0xFFFF,0xEF7D,0x4A69,0xF79E,0xFFFF,0xFFFF,
  0xFFFF,0xFFFF,0xFFFF,0xFFFF,0xFFDF,0xFFFF,0x7BCF,0x8430,0xFFFF,0xFFDF,0xFFFF,0xFFFF,
  0xFFFF,0xFFFF,0xFFFF,0xFFFF,0x4A49,0x73AE,0xC638,0xBDD7,0xBDD7,0xBDD7,0xBDD7,0xB5B6,
  0xB5B6,0xB5B6,0xB5B6,0xB5B6,0xBDD7,0xCE59,0x73AE,0x4228,0xC638,0xB5B6,0xB5B6,0xB5B6,
  0xB5B6,0xBDD7,0xBDF7,0xBDF7,0xC618,0xC618,0xBDF7,0xB5B6,0xBDF7,0x31A6,0x632C,0xAD54,
  0xA514,0xA514,0xA514,0xA534,0xA514,0x9CF3,0x9CD3,0x9CD3,0x9CD3,0x9CF3,0xA534,0x9CF3,
  0x2945,0x9CF3,0xBDF7,0xB5B6,0xBDD7,0xBDF7,0xBDD7,0xBDF7,0xBDD7,0xB5B6,0xBDD7,0xBDF7,
  0xBE18,0xCE59,0x7BCF,0x4208,0xFFFF,0xFFFF,0xFFFF,0xFFFF,0xFFFF,0xFFFF,0xFFFF,0xEF7D,
  0x4A69,0xF79E,0xFFFF,0xFFFF,0xFFFF,0xFFFF,0xFFFF,0xFFFF,0xFFDF,0xFFFF,0x7BCF,0x8430,
  0xFFFF,0xFFDF,0xFFFF,0xFFFF,0xFFFF,0xFFFF,0xFFFF,0xFFFF,0x4A49,0x4A49,0x9CD3,0x94B2,
  0x94B2,0x8C92,0x8C71,0x8C71,0x8C71,0x8C71,0x8C71,0x9492,0x94B2,0x9CF3,0x528A,0x18E3,
  0x8410,0x73AE,0x738E,0x738E,0x73AE,0x7BCF,0x7BEF,0x7BEF,0x7BEF,0x7BEF,0x7BCF,0x73AE,
  0x73AE,0x1082,0x2124,0x4A69,0x4A49,0x4A49,0x4A49,0x4228,0x4208,0x4208,0x4228,0x4228,
  0x4228,0x4228,0x4A49,0x4208,0x0841,0x5ACB,0x7BCF,0x73AE,0x738E,0x73AE,0x7BCF,0x7BCF,
  0x73CE,0x73AE,0x73AE,0x73AE,0x73AE,0x8430,0x4207,0x4208,0xFFFF,0xFFFF,0xFFFF,0xFFFF,
  0xFFFF,0xFFFF,0xFFFF,0xEF7D,0x528A,0xF79E,0xFFFF,0xFFFF,0xFFFF,0xFFFF,0xFFFF,0xFFFF,
  0xFFDF,0xFFFF,0x7BCF,0x8430,0xFFFF,0xFFDF,0xFFFF,0xFFFF,0xFFFF,0xFFFF,0xFFFF,0xFFFF,
  0x528A,0xC638,0xFFFF,0xFFDF,0xFFDF,0xFFDF,0xF7BE,0xF79E,0xF7DF,0xFFFF,0xFFFF,0xFFFF,
  0xFFFF,0xFFFF,0xC618,0x738E,0xE71C,0xCE59,0xCE79,0xCE79,0xCE79,0xD6BA,0xD69A,0xD699,
  0xD69A,0xD69A,0xCE79,0xCE59,0xDEDB,0x5AEB,0x5AEB,0x8430,0x7BEF,0x7BEF,0x8410,0x7BEF,
  0x73AE,0x73AE,0x7BEF,0x8410,0x7BEF,0x7BCF,0x7BCF,0x73AE,0x39E7,0xCE59,0xD6BA,0xD69A,
  0xCE79,0xCE59,0xD679,0xD6BA,0xD69A,0xD69A,0xCE79,0xCE79,0xCE59,0xDEBA,0xAD54,0x4A49,
  0xFFFF,0xFFFF,0xFFFF,0xFFFF,0xFFFF,0xFFFF,0xFFFF,0xEF7D,0x528A,0xF79E,0xFFFF,0xFFFF,
  0xFFFF,0xFFFF,0xFFFF,0xFFFF,0xFFDF,0xFFFF,0x7BCF,0x8430,0xFFFF,0xFFDF,0xFFFF,0xFFFF,
  0xFFFF,0xFFFF,0xFFFF,0xFFFF,0x528A,0xBDD7,0xF7BE,0xE73C,0xE73C,0xEF5D,0xEF7D,0xFFFF,
  0xFFDF,0xEF5D,0xEF5D,0xEF7D,0xEF5D,0xF7BE,0xAD96,0x632C,0xCE59,0xBDF7,0xC618,0xCE59,
  0xD6BA,0xC638,0xC618,0xCE59,0xCE79,0xC618,0xC618,0xC617,0xD69A,0x630C,0x5ACB,0x7BEF,
  0x738E,0x6B4D,0x632C,0x6B6D,0x736D,0x6B4D,0x6B4D,0x738D,0x73AE,0x738E,0x6B6D,0x6B6D,
  0x39E7,0xBDF7,0xC638,0xC618,0xBDF7,0xCE39,0xC618,0xC618,0xD69A,0xDEDB,0xCE79,0xBDF7,
  0xBDF7,0xCE59,0x9CF3,0x4A49,0xFFFF,0xFFFF,0xFFFF,0xFFFF,0xFFFF,0xFFFF,0xFFFF,0xEF7D,
  0x528A,0xF79E,0xFFFF,0xFFFF,0xFFFF,0xFFFF,0xFFFF,0xFFFF,0xFFDF,0xFFFF,0x7BCF,0x8430,
  0xFFFF,0xFFDF,0xFFFF,0xFFFF,0xFFFF,0xFFFF,0xFFFF,0xFFFF,0x528A,0xBDD7,0xF7BE,0xEF7D,
  0xEF7D,0xF79E,0xDEFB,0x632C,0x8410,0xEF5D,0xEF5D,0xEF7D,0xEF7D,0xFFBF,0xB596,0x6B4D,
  0xD69A,0xC618,0xCE79,0xB596,0x7BEF,0xD69A,0xBDF7,0x5ACB,0x52AA,0xB596,0xC638,0xC638,
  0xDEDB,0x632C,0x5ACB,0x7BCF,0x6B4D,0x8430,0xCE59,0xB5B6,0x738E,0x8C71,0xCE79,0xB5B6,
  0x738E,0x738E,0x738E,0x738E,0x4208,0xBDF7,0xC638,0xC618,0xCE59,0x7BEF,0xA514,0xD69A,
  0x94B2,0x528A,0x8C71,0xCE39,0xC618,0xCE79,0x9CD3,0x4A49,0xFFFF,0xFFFF,0xFFFF,0xFFFF,
  0xFFFF,0xFFFF,0xFFFF,0xEF7D,0x4A69,0xF79E,0xFFFF,0xFFFF,0xFFFF,0xFFFF,0xFFFF,0xFFFF,
  0xFFDF,0xFFFF,0x7BCF,0x8430,0xFFFF,0xFFDF,0xFFFF,0xFFFF,0xFFFF,0xFFFF,0xFFFF,0xFFFF,
  0x528A,0xBDD7,0xFFDF,0xEF5D,0xEF5D,0xFFDF,0x52CA,0x9CD3,0x6B6D,0x8C51,0xFFFF,0xEF5D,
  0xEF5D,0xF7BE,0xB596,0x6B4D,0xD6BA,0xC638,0xD69A,0x39C7,0x2124,0xDEFB,0x5ACB,0x632C,
  0x73AE,0x7BEF,0xCE79,0xC618,0xDEDB,0x632C,0x52AA,0x73AE,0x632C,0xC638,0xAD75,0xE73C,
  0x9CD3,0xCE79,0xBDD7,0xE6FC,0x9CD3,0x6B4D,0x73AE,0x73AE,0x39E7,0xBDD7,0xC618,0xD69A,
  0x94B2,0x0020,0x94B2,0xBDD7,0x39C7,0x94B2,0x5AEB,0xBDD7,0xC638,0xCE79,0x9CF3,0x4A49,
  0xFFFF,0xFFFF,0xFFFF,0xFFFF,0xFFFF,0xFFFF,0xFFFF,0xEF7D,0x5289,0xF79E,0xFFFF,0xFFFF,
  0xFFFF,0xFFFF,0xFFFF,0xFFFF,0xFFDF,0xFFFF,0x7BCF,0x8430,0xFFFF,0xFFDF,0xFFFF,0xFFFF,
  0xFFFF,0xFFFF,0xFFFF,0xFFFF,0x528A,0xBDF7,0xFFDF,0xEF5D,0xEF5D,0xFFDF,0x8450,0x5ACB,
  0x528A,0xBDD7,0xFFDF,0xEF7D,0xEF5D,0xF7BE,0xB596,0x6B6D,0xD6BA,0xC638,0xD69A,0x94D2,
  0x39C7,0xD6BA,0x528A,0x3186,0x632C,0xBDD7,0xCE59,0xC618,0xD6BA,0x5AEB,0x528A,0x73AE,
  0x738E,0x6B6D,0x9CD3,0xDEFB,0x8C71,0x738E,0x73AE,0xDEFC,0x9492,0x738E,0x7BCF,0x738E,
  0x39E7,0xBDD7,0xC638,0xC638,0xCE79,0x4A49,0x9492,0xB5B6,0x18E3,0x52AA,0x8C71,0xCE59,
  0xBDF7,0xCE79,0x9CF3,0x4A49,0xFFFF,0xFFFF,0xFFFF,0xFFFF,0xFFFF,0xFFFF,0xFFFF,0xEF7D,
  0x528A,0xF79E,0xFFFF,0xFFFF,0xFFFF,0xFFFF,0xFFFF,0xFFFF,0xFFDF,0xFFFF,0x7BCF,0x8430,
  0xFFFF,0xFFDF,0xFFFF,0xFFFF,0xFFFF,0xFFFF,0xFFFF,0xFFFF,0x528A,0xBDF7,0xFFDF,0xEF5D,
  0xEF5D,0xFFFF,0x6B6D,0x9CF3,0x73AE,0x94B2,0xFFFF,0xEF7D,0xEF5D,0xF7BE,0xB5B6,0x738E,
  0xD6BA,0xC618,0xCE79,0xAD75,0x39E7,0xDEFB,0x4A69,0x738E,0x6B6D,0x630C,0xDEFB,0xC618,
  0xCE79,0x5ACB,0x528A,0x73AE,0x73AE,0x8410,0x8C51,0xDEDB,0x8C71,0x738E,0xD69A,0x9CD3,
  0x6B6D,0x7BCF,0x73CF,0x738E,0x39C7,0xBDD7,0xC638,0xC618,0xDEFB,0x52AA,0x9CD2,0xB5B6,
  0x2965,0xA514,0x31C7,0xB5B7,0xCE39,0xCE59,0x9CD3,0x4A49,0xFFFF,0xFFFF,0xFFFF,0xFFFF,
  0xFFFF,0xFFFF,0xFFFF,0xEF7D,0x4A69,0xF79E,0xFFFF,0xFFFF,0xFFFF,0xFFFF,0xFFFF,0xFFFF,
  0xFFDF,0xFFFF,0x7BCF,0x8430,0xFFFF,0xFFDF,0xFFFF,0xFFFF,0xFFFF,0xFFFF,0xFFFF,0xFFFF,
  0x528A,0xBDF7,0xFFFF,0xEF7D,0xEF5D,0xFFDF,0x5AEB,0x8C71,0x630C,0x8C51,0xFFFF,0xEF5D,
  0xEF5D,0xF7BE,0xB5B6,0x738E,0xD6BA,0xC618,0xCE59,0x738E,0x18C3,0xBDD7,0x6B4D,0x632C,
  0x630C,0x6B4D,0xD6BA,0xC618,0xCE99,0x5ACB,0x528A,0x7BCF,0x738E,0xD6BA,0xBDF7,0xDEFB,
  0x8C51,0xD69A,0xEF5D,0xB596,0x8C51,0x738E,0x73AE,0x738E,0x39E7,0xBDF7,0xC638,0xC638,
  0xBDD7,0x2124,0x630B,0xB575,0x3186,0x8C51,0x39C7,0xBDD7,0xC638,0xCE59,0x94B2,0x4A49,
  0xFFFF,0xFFFF,0xFFFF,0xFFFF,0xFFFF,0xFFFF,0xFFFF,0xEF7D,0x4A69,0xF79E,0xFFFF,0xFFFF,
  0xFFFF,0xFFFF,0xFFFF,0xFFFF,0xFFDF,0xFFFF,0x7BCF,0x8430,0xFFFF,0xFFDF,0xFFFF,0xFFFF,
  0xFFFF,0xFFFF,0xFFFF,0xFFFF,0x528A,0xBDF7,0xFFDF,0xEF7D,0xEF5D,0xEF7D,0xDEFB,0x7BCF,
  0x9492,0xEF7D,0xEF7D,0xEF7D,0xEF5D,0xF7DF,0xB5D6,0x6B6D,0xD6BA,0xC618,0xC618,0x73AE,
  0x5B0B,0x9CD3,0xCE79,0x6B6D,0x738E,0xC5F7,0xC618,0xC618,0xD69A,0x5AEB,0x52AA,0x7BEF,
  0x738E,0x8430,0xBDF7,0xA534,0x738E,0xA534,0xB5B6,0xBDF7,0x8430,0x736D,0x73AE,0x73AE,
  0x4208,0xC618,0xC638,0xC638,0xA514,0x630C,0x6B4D,0xC5F8,0x9CD2,0x5AEB,0x9CD3,0xCE59,
  0xBDF7,0xCE59,0x9CF3,0x4A49,0xFFFF,0xFFFF,0xFFFF,0xFFFF,0xFFFF,0xFFFF,0xFFFF,0xEF7D,
  0x4A69,0xF79E,0xFFFF,0xFFFF,0xFFFF,0xFFFF,0xFFFF,0xFFFF,0xFFDF,0xFFFF,0x73CE,0x8430,
  0xFFFF,0xFFDF,0xFFFF,0xFFFF,0xFFFF,0xFFFF,0xFFFF,0xFFFF,0x528A,0xBDF7,0xF7BE,0xE73C,
  0xEF5D,0xEF5D,0xEF5D,0xFFFF,0xFFFF,0xEF7D,0xEF7D,0xEF5D,0xEF5D,0xFFDF,0xBDD7,0x6B6D,
  0xCE79,0xBDF7,0xBDF7,0xCE59,0xCE79,0xCE59,0xC638,0xD6BA,0xD6BA,0xC618,0xC5F7,0xBDF7,
  0xCE79,0x5AEB,0x5ACB,0x7BEF,0x6B6D,0x6B4D,0x6B4D,0x738E,0x7BCF,0x6B6D,0x6B4D,0x632C,
  0x738E,0x7BCF,0x7BCF,0x7BCF,0x4208,0xBDD7,0xC618,0xBDF7,0xC618,0xCE59,0xCE59,0xC5F8,
  0xCE79,0xD6BA,0xC638,0xBDF7,0xC5F7,0xCE79,0x9CF3,0x4A49,0xFFFF,0xFFFF,0xFFFF,0xFFFF,
  0xFFFF,0xFFFF,0xFFFF,0xEF7D,0x4A69,0xF79E,0xFFFF,0xFFFF,0xFFFF,0xFFFF,0xFFFF,0xFFFF,
  0xFFDF,0xFFFF,0x7BCE,0x8430,0xFFFF,0xFFDF,0xFFFF,0xFFFF,0xFFFF,0xFFFF,0xFFFF,0xFFFF,
  0x4A8A,0xBDF7,0xFFFF,0xF79E,0xFFDF,0xFFDF,0xF7BE,0xEF7D,0xF79E,0xFFDF,0xF7BE,0xF79E,
  0xF7BE,0xFFFF,0xBDD7,0x632C,0xDEBB,0xCE59,0xCE79,0xD699,0xD69A,0xCE79,0xD69A,0xD69A,
  0xD69A,0xD69A,0xCE79,0xCE59,0xDEDA,0x5ACB,0x5ACB,0x8430,0x7BCF,0x7BEF,0x8410,0x8410,
  0x7BCF,0x7BCF,0x7BEF,0x7BEF,0x8410,0x8410,0x8410,0x7BEF,0x39C7,0xBDF7,0xCE9A,0xCE9A,
  0xCE9A,0xC659,0xC659,0xCE79,0xCE79,0xCE79,0xCE79,0xCEBA,0xCE9A,0xD6DB,0x9CD3,0x4228,
  0xFFFF,0xFFFF,0xFFFF,0xFFFF,0xFFFF,0xFFFF,0xFFFF,0xEF7D,0x4A69,0xF79E,0xFFFF,0xFFFF,
  0xFFFF,0xFFFF,0xFFFF,0xFFFF,0xFFDF,0xFFFF,0x7BCF,0x8430,0xFFFF,0xFFDF,0xFFFF,0xFFFF,
  0xFFFF,0xFFFF,0xFFFF,0xFFFF,0x4A49,0x31A6,0x8410,0x7BCF,0x7C10,0x8410,0x7BEF,0x7BCF,
  0x7BEF,0x7BEF,0x7BCF,0x7BCF,0x7BEF,0x8430,0x39C7,0x0861,0x630C,0x5AEB,0x630C,0x632C,
  0x6B4C,0x632C,0x630C,0x630C,0x630C,0x632C,0x632C,0x630C,0x5AEB,0x0861,0x18C3,0x39E7,
  0x39E7,0x3A07,0x39E7,0x39A6,0x31A6,0x31A7,0x39E7,0x41E7,0x39E7,0x39C7,0x39C7,0x2965,
  0x0000,0x49E7,0x72EB,0x72CB,0x6ACA,0x62AA,0x62AA,0x6AAA,0x6AAA,0x6AAA,0x72CA,0x72CB,
  0x6ACA,0x72EB,0x2924,0x4208,0xFFFF,0xFFFF,0xFFFF,0xFFFF,0xFFFF,0xFFFF,0xFFFF,0xEF7D,
  0x4A69,0xF79E,0xFFFF,0xFFFF,0xFFFF,0xFFFF,0xFFFF,0xFFFF,0xFFDF,0xFFFF,0x7BCF,0x8430,
  0xFFFF,0xFFDF,0xFFFF,0xFFFF,0xFFFF,0xFFFF,0xFFFF,0xFFFF,0x4A69,0x6B6D,0xB596,0xAD55,
  0xB596,0xAD75,0xAD55,0xAD54,0xAD55,0xAD55,0xA534,0xAD54,0xAD75,0xBDD7,0x73AE,0x2124,
  0x632C,0x630C,0x632C,0x630C,0x630C,0x632C,0x630C,0x5AEB,0x5AEB,0x630C,0x632C,0x632C,
  0x634C,0x2124,0x2104,0x39C7,0x39A7,0x39E7,0x39E7,0x31A6,0x31A6,0x39C7,0x4208,0x4208,
  0x39E7,0x31A6,0x31A6,0x31A7,0x1882,0xA861,0xB881,0xB081,0xA861,0xA881,0xA881,0xB081,
  0xB081,0xB081,0xB081,0xB061,0xA881,0xB881,0x7000,0x4249,0xFFFF,0xFFFF,0xFFFF,0xFFFF,
  0xFFFF,0xFFFF,0xFFFF,0xEF7D,0x4A69,0xF79E,0xFFFF,0xFFFF,0xFFFF,0xFFFF,0xFFFF,0xFFFF,
  0xFFDF,0xFFFF,0x7BCF,0x8430,0xFFFF,0xFFDF,0xFFFF,0xFFFF,0xFFFF,0xFFFF,0xFFFF,0xFFFF,
  0x528A,0x9CD3,0xD69A,0xCE59,0xCE59,0xC638,0xC638,0xC638,0xCE59,0xCE59,0xC638,0xCE59,
  0xCE59,0xD6BA,0x9CF3,0x4208,0x8410,0x7BCF,0x7BCF,0x73AE,0x7BCF,0x7BEF,0x73AE,0x738E,
  0x738E,0x73AE,0x7BCF,0x7BCF,0x8430,0x39E7,0x31A6,0x4A28,0x4228,0x4228,0x4228,0x4A49,
  0x4A49,0x4A49,0x4A49,0x4228,0x4228,0x4228,0x4228,0x4269,0x38E3,0xC8E3,0xC923,0xC103,
  0xC103,0xC103,0xC903,0xC903,0xC903,0xC923,0xC103,0xC103,0xC103,0xD944,0xA881,0x4A49,
  0xFFFF,0xFFFF,0xFFFF,0xFFFF,0xFFFF,0xFFFF,0xFFFF,0xEF7D,0x4A69,0xF79E,0xFFFF,0xFFFF,
  0xFFFF,0xFFFF,0xFFFF,0xFFFF,0xFFDF,0xFFFF,0x7BCF,0x8430,0xFFFF,0xFFDF,0xFFFF,0xFFFF,
  0xFFFF,0xFFFF,0xFFFF,0xFFFF,0x528A,0x94B2,0xD69A,0xC618,0xCE59,0xBDF7,0xBDD7,0xC638,
  0xC617,0xAD55,0xCE59,0xCE79,0xC638,0xCE59,0x94B2,0x39E7,0x7BEF,0x73AE,0x738E,0x73AE,
  0x8410,0x736D,0x6B4D,0x6B6D,0x7BCF,0x736D,0x73AE,0x73AE,0x7BEF,0x39C7,0x3186,0x4228,
  0x4208,0x39E7,0x52AA,0x4A69,0x4A49,0x4A49,0x4207,0x4228,0x4228,0x4A48,0x4A28,0x4248,
  0x30C3,0xB8C2,0xC0A2,0xB841,0xC0A2,0xC0C2,0xC081,0xC8C2,0xC0E3,0xB881,0xB8A2,0xB861,
  0xC081,0xD903,0xA081,0x4A48,0xFFFF,0xFFFF,0xFFFF,0xFFFF,0xFFFF,0xFFFF,0xFFFF,0xEF7D,
  0x4A69,0xF79E,0xFFFF,0xFFFF,0xFFFF,0xFFFF,0xFFFF,0xFFFF,0xFFDF,0xFFFF,0x7BCF,0x8430,
  0xFFFF,0xFFDF,0xFFFF,0xFFFF,0xFFFF,0xFFFF,0xFFFF,0xFFFF,0x528A,0x9CD3,0xCE79,0xC618,
  0xB596,0x3186,0x9492,0xCE59,0x5AEB,0x4A49,0x5AEB,0xCE59,0xC638,0xCE59,0x94B2,0x4208,
  0x8410,0x73AE,0x8C51,0xDEDB,0xDEFB,0xAD55,0x73AE,0xDEDB,0xE73C,0xB596,0x738E,0x738E,
  0x7BCF,0x31A6,0x31A6,0x4A69,0x4228,0xA534,0xD6BA,0xCE79,0x5ACB,0x39A6,0x9492,0xC638,
  0x4208,0x4A49,0x4228,0x3A08,0x28C2,0xB082,0xC9C7,0xEDB7,0xDB0B,0xDAAA,0xEDD6,0xD207,
  0xB882,0xDC30,0xC166,0xE471,0xE4F3,0xD103,0x9861,0x4228,0xFFFF,0xFFFF,0xFFFF,0xFFFF,
  0xFFFF,0xFFFF,0xFFFF,0xEF7D,0x4A69,0xF79E,0xFFFF,0xFFFF,0xFFFF,0xFFFF,0xFFFF,0xFFFF,
  0xFFDF,0xFFFF,0x7BCF,0x8410,0xFFFF,0xFFDF,0xFFFF,0xFFFF,0xFFFF,0xFFFF,0xFFFF,0xFFFF,
  0x528A,0x9CD3,0xCE59,0xC638,0x9CF3,0x10A2,0x94B3,0xB5B6,0x2965,0xAD75,0x94B2,0xC638,
  0xC638,0xCE59,0x94B2,0x4208,0x8410,0x738E,0x9492,0xA534,0x9CB3,0xDEDB,0x8C71,0xAD75,
  0x94B2,0xEF5D,0x6B6D,0x736D,0x73AE,0x31A6,0x39C7,0x4A69,0x528A,0xEF5D,0x7BCF,0x8C71,
  0x4A69,0x5ACB,0xEF5D,0xD69A,0x4228,0x4A48,0x4228,0x4228,0x28C3,0xB061,0xD2EB,0xE410,
  0xED75,0xECF3,0xECD3,0xDBAF,0xCA08,0xFF7D,0xDB0B,0xED14,0xED54,0xD248,0x9000,0x4A49,
  0xFFFF,0xFFFF,0xFFFF,0xFFFF,0xFFFF,0xFFFF,0xFFFF,0xEF7D,0x4A69,0xF79E,0xFFFF,0xFFFF,
  0xFFFF,0xFFFF,0xFFFF,0xFFFF,0xFFDF,0xFFFF,0x7BCF,0x8430,0xFFFF,0xFFDF,0xFFFF,0xFFFF,
  0xFFFF,0xFFFF,0xFFFF,0xFFFF,0x528A,0x94B2,0xCE79,0xBDD7,0xD69A,0x4A89,0x8C71,0xC618,
  0x2104,0x4228,0x630C,0xC638,0xC618,0xCE59,0x94B2,0x4208,0x7BCF,0x738E,0x6B4D,0x6B8E,
  0xE71C,0xBDF7,0x738E,0x73AE,0xDEBB,0xAD75,0x6B2C,0x738D,0x7BCF,0x39C7,0x39C7,0x4A49,
  0x4A49,0xDEFB,0xD6BA,0xBDF7,0x5269,0xB596,0x9CF3,0xC638,0x4208,0x4228,0x4A49,0x4A69,
  0x30C3,0xB8C3,0xB820,0xDBAE,0xE450,0xE40F,0xDB0C,0xDBF0,0xE3CF,0xED75,0xDA68,0xEDB6,
  0xEDB6,0xD145,0x9841,0x4A49,0xFFFF,0xFFFF,0xFFFF,0xFFFF,0xFFFF,0xFFFF,0xFFFF,0xEF7D,
  0x4A69,0xF79E,0xFFFF,0xFFFF,0xFFFF,0xFFFF,0xFFFF,0xFFFF,0xFFDF,0xFFFF,0x7BCF,0x8430,
  0xFFFF,0xFFDF,0xFFFF,0xFFFF,0xFFFF,0xFFFF,0xFFFF,0xFFFF,0x528A,0x94B2,0xCE59,0xBDD7,
  0xCE79,0x4A49,0x94B2,0xBDD7,0x39E7,0xE71C,0x3186,0xA534,0xC638,0xCE59,0x9CD3,0x4208,
  0x7BCF,0x6B4D,0x8430,0xA514,0x9CF3,0xE73C,0x7BCF,0xDEDB,0xBDF7,0x632C,0x6B8D,0x6B6D,
  0x7BCF,0x39E7,0x39C7,0x4228,0x4A49,0xE71C,0x5AEB,0xDEFB,0x8410,0xD6DB,0xE71C,0xFFDE,
  0x6B4D,0x4208,0x4A69,0x4A69,0x30E3,0xB061,0xD28A,0xF5F7,0xC8E3,0xE471,0xDB6D,0xE492,
  0xEDD7,0xFF3C,0xED54,0xE451,0xE4D3,0xE289,0xA020,0x4A49,0xFFFF,0xFFFF,0xFFFF,0xFFFF,
  0xFFFF,0xFFFF,0xFFFF,0xEF7D,0x4A69,0xF79E,0xFFFF,0xFFFF,0xFFFF,0xFFFF,0xFFFF,0xFFFF,
  0xFFDF,0xFFFF,0x7BCF,0x8430,0xFFFF,0xFFDF,0xFFFF,0xFFFF,0xFFFF,0xFFFF,0xFFFF,0xFFFF,
  0x528A,0x9CD3,0xCE59,0xC618,0x9CD3,0x18C3,0x39E7,0xBDF7,0x52AA,0x4228,0x52AA,0xBDF7,
  0xC618,0xCE79,0x9CF3,0x4208,0x7BCF,0x6B6D,0x8430,0xE71C,0xE73C,0xB5B6,0x8C72,0xFFDF,
  0xD6BA,0xC618,0x738E,0x73AE,0x7BEF,0x39C7,0x3186,0x4228,0x4208,0xB596,0xD6BA,0xC618,
  0x52AA,0x5AEB,0x9CD3,0xD69A,0x4A48,0x4228,0x4A49,0x4A69,0x30E3,0xB840,0xDBCE,0xF69A,
  0xDBCF,0xD34D,0xF658,0xD289,0xC985,0xED95,0xD28A,0xED34,0xED96,0xD965,0xA061,0x4A48,
  0xFFFF,0xFFFF,0xFFFF,0xFFFF,0xFFFF,0xFFFF,0xFFFF,0xEF7D,0x4A69,0xF79E,0xFFFF,0xFFFF,
  0xFFFF,0xFFFF,0xFFFF,0xFFFF,0xFFDF,0xFFFF,0x7BCF,0x8430,0xFFFF,0xFFDF,0xFFFF,0xFFFF,
  0xFFFF,0xFFFF,0xFFFF,0xFFFF,0x528A,0x9CD3,0xCE79,0xC618,0xB5B6,0xA534,0xA514,0xC618,
  0xC618,0xA534,0xBDF7,0xC618,0xC618,0xD69A,0x9CF3,0x39E7,0x7BCF,0x73AE,0x738E,0x7BCF,
  0x8430,0x738E,0x73AE,0x7BEF,0x8410,0x7BEF,0x738E,0x73AE,0x7BEF,0x39C7,0x3186,0x4228,
  0x4228,0x4A69,0x5B0C,0x4228,0x4208,0x4228,0x4A69,0x52AA,0x4208,0x4A49,0x4A28,0x4228,
  0x28A2,0xC0C2,0xC903,0xC145,0xB924,0xB8A2,0xC124,0xC8C2,0xC8C2,0xC103,0xB8A2,0xB903,
  0xC103,0xD0E3,0x9061,0x4A28,0xFFFF,0xFFFF,0xFFFF,0xFFFF,0xFFFF,0xFFFF,0xFFFF,0xEF7D,
  0x4A69,0xF79E,0xFFFF,0xFFFF,0xFFFF,0xFFFF,0xFFFF,0xFFFF,0xFFDF,0xFFFF,0x7BCF,0x8430,
  0xFFFF,0xFFDF,0xFFFF,0xFFFF,0xFFFF,0xFFFF,0xFFFF,0xFFFF,0x528A,0xA514,0xD69A,0xCE59,
  0xCE59,0xCE59,0xCE59,0xC638,0xCE79,0xCE79,0xC618,0xC618,0xC638,0xD6BA,0xA534,0x4228,
  0x7BCF,0x738E,0x7BCF,0x73AE,0x6B6D,0x736E,0x738E,0x6B6D,0x6B4D,0x6B6D,0x7BAE,0x73AE,
  0x8410,0x39E7,0x31A6,0x4A49,0x4A49,0x4A69,0x4228,0x4228,0x4A49,0x4A69,0x4A69,0x4A49,
  0x4A69,0x4A69,0x4A49,0x4228,0x30C3,0xC8E3,0xC8E3,0xB8C3,0xB8C3,0xC0E3,0xC0E3,0xC903,
  0xC903,0xC0E3,0xC0E3,0xC0E3,0xC8E3,0xD123,0xA081,0x4228,0xFFFF,0xFFFF,0xFFFF,0xFFFF,
  0xFFFF,0xFFFF,0xFFFF,0xEF7D,0x5269,0xF79E,0xFFFF,0xFFFF,0xFFFF,0xFFFF,0xFFFF,0xFFFF,
  0xFFDF,0xFFFF,0x7BCF,0x8430,0xFFFF,0xFFDF,0xFFFF,0xFFFF,0xFFFF,0xFFFF,0xFFFF,0xFFFF,
  0x4A89,0x630C,0xCE38,0xC618,0xC618,0xBDF7,0xBDD7,0xBDD7,0xBDD7,0xB5B6,0xB5B6,0xB5B6,
  0xBDD7,0xCE59,0x8430,0x2965,0x73AE,0x6B4D,0x6B6D,0x6B6D,0x6B4D,0x632C,0x632C,0x632C,
  0x6B2C,0x6B6D,0x6B8D,0x6B4D,0x738D,0x2124,0x2945,0x4208,0x39E7,0x4228,0x4228,0x4208,
  0x4208,0x4228,0x4228,0x4208,0x4228,0x4228,0x39E7,0x39C7,0x1841,0xB082,0xC0C2,0xB082,
  0xB082,0xB8A2,0xC0A2,0xC0A2,0xC0A2,0xB0A2,0xB0A2,0xC0A2,0xC0A2,0xD0C2,0x6000,0x4A69,
  0xFFFF,0xFFFF,0xFFFF,0xFFFF,0xFFFF,0xFFFF,0xFFFF,0xEF7D,0x5269,0xF79E,0xFFFF,0xFFFF,
  0xFFFF,0xFFFF,0xFFFF,0xFFFF,0xFFDF,0xFFFF,0x7BCF,0x8430,0xFFFF,0xFFDF,0xFFFF,0xFFFF,
  0xFFFF,0xFFFF,0xFFFF,0xFFFF,0xDEDA,0x39C7,0x4208,0x4228,0x4208,0x4228,0x4208,0x39E7,
  0x39E7,0x39E7,0x4208,0x4208,0x4208,0x4228,0x2965,0x2104,0x39C7,0x31A6,0x31A6,0x3186,
  0x3186,0x3186,0x3186,0x3186,0x3186,0x31A6,0x31A7,0x31A6,0x2965,0x18E4,0x2124,0x2965,
  0x2945,0x2965,0x2965,0x2965,0x3186,0x3186,0x2965,0x2945,0x2966,0x2965,0x2945,0x2945,
  0x2104,0x3924,0x4124,0x3904,0x3924,0x3924,0x4124,0x4124,0x4124,0x3904,0x3904,0x3924,
  0x4145,0x4145,0x4208,0xD6DB,0xFFFF,0xFFFF,0xFFFF,0xFFFF,0xFFFF,0xFFFF,0xFFFF,0xEF7D,
  0x4A69,0xF79E,0xFFFF,0xFFFF,0xFFFF,0xFFFF,0xFFFF,0xFFFF,0xFFDF,0xFFFF,0x7BCF,0x8430,
  0xFFFF,0xFFDF,0xFFFF,0xFFFF,0xFFDF,0xFFFF,0xFFFF,0xFFDF,0xFFFF,0xFFDF,0xEF5D,0xEF5D,
  0xEF5D,0xEF5D,0xEF5D,0xEF5D,0xEF5D,0xEF5D,0xEF5D,0xEF5D,0xEF5D,0xEF5D,0xEF7D,0xF79E,
  0xEF7D,0xEF7D,0xEF7D,0xEF7D,0xEF7D,0xEF7D,0xEF7D,0xEF7D,0xEF7D,0xEF7D,0xEF7D,0xEF7D,
  0xEF5D,0xEF7D,0xEF7D,0xEF7D,0xEF7D,0xEF7D,0xEF7D,0xEF7D,0xF79E,0xEF7D,0xEF7D,0xEF7D,
  0xEF7D,0xEF7D,0xEF7D,0xEF7D,0xF79E,0xEF9E,0xEF7D,0xEF9E,0xEF9E,0xEF9E,0xEF9E,0xEF9E,
  0xEF9E,0xEF7D,0xEF7D,0xEF7D,0xEF9E,0xEF9E,0xFFFF,0xFFFF,0xFFDF,0xFFFF,0xFFFF,0xFFFF,
  0xFFDF,0xFFDF,0xFFFF,0xEF7D,0x528A,0xF79E,0xFFFF,0xFFFF,0xFFFF,0xFFFF,0xFFFF,0xFFFF,
  0xFFDF,0xFFFF,0x7BCF,0x8430,0xFFFF,0xFFFF,0xFFFF,0xFFFF,0xFFFF,0xFFFF,0xFFFF,0xFFFF,
  0xFFFF,0xFFFF,0xFFFF,0xFFFF,0xFFFF,0xFFFF,0xFFFF,0xFFFF,0xFFFF,0xFFFF,0xFFFF,0xFFFF,
  0xFFFF,0xFFFF,0xFFFF,0xFFFF,0xFFFF,0xFFFF,0xFFFF,0xFFFF,0xFFFF,0xFFFF,0xFFFF,0xFFFF,
  0xFFFF,0xFFFF,0xFFFF,0xFFFF,0xFFFF,0xFFFF,0xFFFF,0xFFFF,0xFFFF,0xFFFF,0xFFFF,0xFFFF,
  0xFFFF,0xFFFF,0xFFFF,0xFFFF,0xFFFF,0xFFFF,0xFFFF,0xFFFF,0xFFFF,0xFFFF,0xFFFF,0xFFFF,
  0xFFFF,0xFFFF,0xFFFF,0xFFFF,0xFFFF,0xFFFF,0xFFFF,0xFFFF,0xFFFF,0xFFFF,0xFFFF,0xFFFF,
  0xFFFF,0xFFFF,0xFFFF,0xFFFF,0xFFFF,0xFFFF,0xFFFF,0xEF7D,0x5269,0xF79E,0xFFFF,0xFFFF,
  0xFFFF,0xFFFF,0xFFFF,0xFFFF,0xFFDF,0xFFFF,0x73CE,0x8C51,0xEF5D,0xAD55,0xB5B6,0xB596,
  0xB596,0xB596,0xB596,0xB5B6,0xB5B6,0xB596,0xB596,0xB596,0xB596,0xB596,0xB596,0xB596,
  0xAD96,0xAD96,0xB596,0xB596,0xB596,0xAD96,0xB596,0xB596,0xB596,0xAD76,0xAD96,0xB596,
  0xB596,0xB596,0xB596,0xB5B6,0xB5B6,0xB5B6,0xAD96,0xAD75,0xB596,0xB596,0xB5B6,0xB5B6,
  0xB596,0xB596,0xB596,0xB596,0xB596,0xB596,0xAD75,0xB596,0xAD96,0xAD76,0xB596,0xB5B6,
  0xB5B6,0xB596,0xAD96,0xB596,0xB5B6,0xB596,0xB596,0xB596,0xB596,0xB596,0xB596,0xB596,
  0xB596,0xB596,0xB596,0xB5B6,0xB5B6,0xB5B6,0xB5B6,0xB5B6,0xB5B6,0xAD75,0xC618,0xEF5D,
  0x4A69,0xF79E,0xFFFF,0xFFFF,0xFFFF,0xFFFF,0xFFFF,0xFFFF,0xFFDF,0xFFFF,0x73AE,0x8451,
  0xF7BE,0xCE79,0xD6BA,0xD6BA,0xD6BA,0xD6BA,0xD6BA,0xD6BA,0xD6BA,0xD6BA,0xD6BA,0xD69A,
  0xD69A,0xD69A,0xD69A,0xD69A,0xD69A,0xD69A,0xD6BA,0xD6BA,0xD69A,0xD69A,0xD6BA,0xD6BA,
  0xD6BA,0xD69A,0xD69A,0xD6BA,0xD6BA,0xD6BA,0xD6BA,0xD6BA,0xD6BA,0xD6BA,0xD69A,0xD69A,
  0xD6BA,0xD6BA,0xD6BA,0xD6BA,0xD6BA,0xD6BA,0xD6BA,0xD6BA,0xD6BA,0xD69A,0xD69A,0xD69A,
  0xD69A,0xD69A,0xD6BA,0xD6BA,0xD69A,0xD69A,0xD69A,0xD6BA,0xD6BA,0xD6BA,0xD69A,0xD69A,
  0xD69A,0xD6BA,0xD69A,0xD69A,0xD69A,0xD69A,0xD69A,0xD6BA,0xD6BA,0xD6BA,0xD6BA,0xD6BA,
  0xD6BA,0xD69A,0xDEFB,0xEF5D,0x4A69,0xF79E,0xFFFF,0xFFFF,0xFFFF,0xFFFF,0xFFFF,0xFFFF,
  0xFFDF,0xFFFF,0x7BCF,0x8430,0xFFFF,0xFFFF,0xFFFF,0xFFFF,0xFFFF,0xFFFF,0xFFFF,0xFFFF,
  0xFFFF,0xFFFF,0xFFFF,0xFFFF,0xFFFF,0xFFFF,0xFFFF,0xFFFF,0xFFFF,0xFFFF,0xFFFF,0xFFFF,
  0xFFFF,0xFFFF,0xFFFF,0xFFFF,0xFFFF,0xFFFF,0xFFFF,0xFFFF,0xFFFF,0xFFFF,0xFFFF,0xFFFF,
  0xFFFF,0xFFFF,0xFFFF,0xFFFF,0xFFFF,0xFFFF,0xFFFF,0xFFFF,0xFFFF,0xFFFF,0xFFFF,0xFFFF,
  0xFFFF,0xFFFF,0xFFFF,0xFFFF,0xFFFF,0xFFFF,0xFFFF,0xFFFF,0xFFFF,0xFFFF,0xFFFF,0xFFFF,
  0xFFFF,0xFFFF,0xFFFF,0xFFFF,0xFFFF,0xFFFF,0xFFFF,0xFFFF,0xFFFF,0xFFFF,0xFFFF,0xFFFF,
  0xFFFF,0xFFFF,0xFFFF,0xFFFF,0xFFFF,0xFFFF,0xFFFF,0xEF7D,0x528A,0xF79E,0xFFFF,0xFFFF,
  0xFFFF,0xFFFF,0xFFFF,0xFFFF,0xFFDF,0xFFFF,0x7BCF,0x8430,0xFFFF,0xFFDF,0xFFFF,0xFFFF,
  0xFFFF,0xFFFF,0xFFFF,0xFFFF,0xFFFF,0xFFFF,0xFFFF,0xFFFF,0xFFFF,0xFFFF,0xFFFF,0xFFFF,
  0xFFFF,0xFFFF,0xFFFF,0xFFDF,0xFFFF,0xFFFF,0xFFFF,0xFFFF,0xFFFF,0xFFFF,0xFFFF,0xFFFF,
  0xFFFF,0xFFFF,0xFFFF,0xFFFF,0xFFFF,0xFFFF,0xFFFF,0xFFFF,0xFFFF,0xFFFF,0xFFDF,0xFFFF,
  0xFFFF,0xFFFF,0xFFFF,0xFFFF,0xFFDF,0xFFFF,0xFFFF,0xFFFF,0xFFFF,0xFFFF,0xFFFF,0xFFFF,
  0xFFFF,0xFFFF,0xFFFF,0xFFDF,0xFFDF,0xFFFF,0xFFFF,0xFFFF,0xFFFF,0xFFFF,0xFFFF,0xFFFF,
  0xFFFF,0xFFFF,0xFFFF,0xFFFF,0xFFFF,0xFFFF,0xFFFF,0xFFFF,0xFFFF,0xFFFF,0xFFFF,0xEF7D,
  0x528A,0xF79E,0xFFFF,0xFFFF,0xFFFF,0xFFFF,0xFFFF,0xFFFF,0xFFDF,0xFFFF,0x7BCF,0x8430,
  0xFFFF,0xFFDF,0xFFFF,0xFFFF,0xFFFF,0xFFFF,0xFFFF,0xFFFF,0xFFFF,0xFFFF,0xFFFF,0xFFFF,
  0xFFFF,0xFFFF,0xFFFF,0xFFFF,0xFFFF,0xFFFF,0xFFFF,0xFFFF,0xFFFF,0xFFFF,0xFFFF,0xFFFF,
  0xFFFF,0xFFFF,0xFFFF,0xFFDF,0x9492,0x630C,0xE71C,0xF79E,0x6B4D,0x7BF0,0xF7BE,0xFFFF,
  0xBDD7,0xA534,0xFFDF,0x8C51,0x6B2D,0xE73C,0xFFFF,0xFFDF,0xFFFF,0xDEDB,0x632C,0xBDD7,
  0xFFFF,0xFFFF,0xFFFF,0xFFFF,0xFFFF,0xFFFF,0xFFFF,0xFFFF,0xFFFF,0xFFFF,0xFFFF,0xFFFF,
  0xFFFF,0xFFFF,0xFFFF,0xFFFF,0xFFFF,0xFFFF,0xFFFF,0xFFFF,0xFFFF,0xFFFF,0xFFFF,0xFFFF,
  0xFFFF,0xFFFF,0xFFFF,0xEF5D,0x4A69,0xF79E,0xFFFF,0xFFFF,0xFFFF,0xFFFF,0xFFFF,0xFFFF,
  0xFFDF,0xFFFF,0x7BCF,0x8430,0xFFFF,0xFFDF,0xFFFF,0xFFFF,0xFFFF,0xFFFF,0xFFFF,0xFFFF,
  0xFFFF,0xFFFF,0xFFFF,0xFFFF,0xFFFF,0xFFFF,0xFFFF,0xFFFF,0xFFFF,0xFFFF,0xF6DA,0xDB6D,
  0xFFFF,0xFFFF,0xFFFF,0xFFFF,0xFFFF,0xFFFF,0xFFFF,0xDEFB,0x8C71,0x9CD3,0x6B4D,0x9492,
  0x7BCF,0x6B4D,0xAD55,0xF79E,0x2104,0x8410,0xD6BA,0x5ACB,0x7BEF,0x7BCF,0xFFFF,0xFFDF,
  0xFFFF,0x630C,0xBDF7,0x630C,0xDEFB,0xFFFF,0xFFFF,0xFFFF,0xFFFF,0xFFFF,0xFFFF,0xFF9D,
  0xDB0C,0xFF9E,0xFFFF,0xFFFF,0xFFFF,0xFFFF,0xFFFF,0xFFFF,0xFFFF,0xFFFF,0xFFFF,0xFFFF,
  0xFFFF,0xFFFF,0xFFFF,0xFFFF,0xFFFF,0xFFFF,0xFFFF,0xEF5D,0x4A49,0xF79E,0xFFFF,0xFFFF,
  0xFFFF,0xFFFF,0xFFFF,0xFFFF,0xFFDF,0xFFFF,0x7BCF,0x8430,0xFFFF,0xFFDF,0xFFFF,0xFFFF,
  0xFFFF,0xFFFF,0xFFFF,0xFFFF,0xFFFF,0xFFFF,0xFFFF,0xFFFF,0xFFFF,0xFFFF,0xFFFF,0xFFDF,
  0xFFFF,0xED14,0xE3EF,0xED95,0xE2CA,0xFFBE,0xFFFF,0xFFFF,0xFFFF,0xFFFF,0xFFFF,0xFFFF,
  0xF7BE,0x73AE,0xCE7A,0x7BCF,0xBDD7,0x9CF3,0x9CF3,0x738E,0x52AA,0x7BCF,0xE71C,0x630C,
  0x5AEB,0x9CF3,0xFFFF,0xFFDF,0xFFFF,0x4A49,0x52AA,0x31A6,0xE71C,0xFFFF,0xFFFF,0xFFFF,
  0xFFFF,0xFFFF,0xFF1B,0xDB0B,0xF618,0xE34D,0xEDB7,0xFFFF,0xFFFF,0xFFFF,0xFFFF,0xFFFF,
  0xFFFF,0xFFFF,0xFFFF,0xFFFF,0xFFFF,0xFFFF,0xFFFF,0xFFFF,0xFFFF,0xFFFF,0xFFFF,0xEF7D,
  0x4A69,0xF79E,0xFFFF,0xFFFF,0xFFFF,0xFFFF,0xFFFF,0xFFFF,0xFFDF,0xFFFF,0x7BCF,0x8430,
  0xFFFF,0xFFFF,0xFFFF,0xFFFF,0xFFFF,0xFFFF,0xFFFF,0xFFFF,0xFFFF,0xFFFF,0xFFFF,0xFFFF,
  0xFFFF,0xFFFF,0xFFFF,0xFFFF,0xFFFF,0xF71C,0xFF1B,0xFFDF,0xF595,0xFFDF,0xFFFF,0xFFFF,
  0xFFFF,0xFFFF,0xFFFF,0xEF5D,0x31A6,0x7BCF,0xDEDB,0x8430,0x73AE,0x6B4D,0xA534,0x8430,
  0x39C7,0x4208,0xBDD7,0x5ACB,0x8451,0x6B6D,0xFFFF,0xFFDF,0xFFFF,0x4228,0xA534,0x4228,
  0xDEDB,0xFFFF,0xFFFF,0xFFFF,0xFFFF,0xFFFF,0xFF7D,0xF5B6,0xFFFF,0xF69A,0xFF3C,0xFFFF,
  0xFFFF,0xFFFF,0xFFFF,0xFFFF,0xFFFF,0xFFFF,0xFFFF,0xFFFF,0xFFFF,0xFFFF,0xFFFF,0xFFFF,
  0xFFFF,0xFFFF,0xFFFF,0xEF7D,0x528A,0xF79E,0xFFFF,0xFFFF,0xFFFF,0xFFFF,0xFFFF,0xFFFF,
  0xFFDF,0xFFFF,0x7BCF,0x8C51,0xFFFF,0xFFDF,0xFFFF,0xFFFF,0xFFFF,0xFFFF,0xFFFF,0xFFFF,
  0xFFFF,0xFFFF,0xFFFF,0xFFFF,0xFFFF,0xFFFF,0xFFFF,0xFFFF,0xFFFF,0xFFFF,0xFFFF,0xFFFF,
  0xFFFF,0xFFFF,0xFFFF,0xFFFF,0xFFFF,0xFFFF,0xFFFF,0xE73C,0x73AE,0x6B6D,0x94B2,0xF7BE,
  0x738E,0x8430,0xFFDF,0xFFFF,0xD6BA,0xB5B6,0xFFFF,0x8C71,0x6B4D,0xE73C,0xFFFF,0xFFDF,
  0xFFFF,0xA534,0xFFFF,0xAD75,0xEF5D,0xFFFF,0xFFFF,0xFFFF,0xFFFF,0xFFFF,0xFFFF,0xFFFF,
  0xFFFF,0xFFFF,0xFFFF,0xFFFF,0xFFFF,0xFFFF,0xFFFF,0xFFFF,0xFFFF,0xFFFF,0xFFFF,0xFFFF,
  0xFFFF,0xFFFF,0xFFFF,0xFFFF,0xFFFF,0xFFFF,0xFFFF,0xEF7D,0x52AA,0xF79E,0xFFFF,0xFFFF,
  0xFFFF,0xFFFF,0xFFFF,0xFFFF,0xFFDF,0xFFFF,0x6B8D,0x7BCF,0xFFFF,0xFFDF,0xFFDF,0xFFDF,
  0xFFDF,0xFFDF,0xFFDF,0xFFDF,0xFFDF,0xFFDF,0xFFDF,0xFFDF,0xFFDF,0xFFDF,0xFFDF,0xFFFF,
  0xFFDF,0xFFDF,0xFFDF,0xFFDF,0xFFDF,0xFFDF,0xFFDF,0xFFDF,0xFFDF,0xFFDF,0xFFDF,0xFFFF,
  0xFFFF,0xFFFF,0xFFFF,0xFFDF,0xFFFF,0xFFFF,0xFFDF,0xFFDF,0xFFFF,0xFFFF,0xF7BE,0xFFFF,
  0xFFFF,0xFFFF,0xFFDF,0xFFDF,0xFFDF,0xFFFF,0xFFDF,0xFFFF,0xFFDF,0xFFDF,0xFFDF,0xFFFF,
  0xFFFF,0xFFDF,0xFFDF,0xFFDF,0xFFDF,0xFFDF,0xFFDF,0xFFDF,0xFFDF,0xFFDF,0xFFDF,0xFFDF,
  0xFFDF,0xFFDF,0xFFDF,0xFFDF,0xFFDF,0xFFDF,0xFFDF,0xFFDF,0xFFFF,0xFFDF,0xFFFF,0xE73C,
  0x4208,0xF7BE,0xFFFF,0xFFFF,0xFFFF,0xFFFF,0xFFFF,0xFFFF,0xFFFF,0xFFFF,0xBDD7,0x18C3,
  0xCE79,0xFFFF,0xFFFF,0xFFFF,0xFFFF,0xFFFF,0xFFFF,0xFFFF,0xFFFF,0xFFFF,0xFFFF,0xFFFF,
  0xFFFF,0xFFFF,0xFFFF,0xFFFF,0xFFFF,0xFFFF,0xFFFF,0xFFFF,0xFFFF,0xFFFF,0xFFFF,0xFFFF,
  0xFFFF,0xFFFF,0xFFFF,0xFFFF,0xFFFF,0xFFFF,0xFFFF,0xFFFF,0xFFFF,0xFFFF,0xFFFF,0xFFFF,
  0xFFFF,0xFFFF,0xFFFF,0xFFFF,0xFFFF,0xFFFF,0xFFFF,0xFFFF,0xFFFF,0xFFFF,0xFFFF,0xFFFF,
  0xFFFF,0xFFFF,0xFFFF,0xFFFF,0xFFFF,0xFFFF,0xFFFF,0xFFFF,0xFFFF,0xFFFF,0xFFFF,0xFFFF,
  0xFFFF,0xFFFF,0xFFFF,0xFFFF,0xFFFF,0xFFFF,0xFFFF,0xFFFF,0xFFFF,0xFFFF,0xFFFF,0xFFFF,
  0xFFFF,0xFFFF,0xFFFF,0x4A49,0x52AA,0xFFFF,0xFFFF,0xFFFF,0xFFFF,0xFFFF,0xFFFF,0xFFFF,
  0xFFFF,0xFFFF,0xFFFF,0x8C71,0x18E3,0x5ACB,0x5ACB,0x5ACB,0x5ACB,0x5ACB,0x5ACB,0x5ACB,
  0x5ACB,0x5AEB,0x5AEB,0x5ACB,0x5ACB,0x5ACB,0x5AEB,0x5ACB,0x5ACB,0x5ACB,0x5ACB,0x5ACB,
  0x5ACB,0x5AEB,0x5ACB,0x5ACB,0x5ACB,0x5ACB,0x5ACB,0x5AEB,0x5AEB,0x5ACB,0x5ACB,0x5AEB,
  0x5AEB,0x5AEB,0x5AEB,0x5ACB,0x5ACB,0x5ACB,0x5AEB,0x5AEB,0x5AEB,0x5AEB,0x5AEB,0x5AEB,
  0x5AEB,0x5ACB,0x5ACB,0x5ACB,0x5AEB,0x5AEB,0x5ACB,0x5ACB,0x5ACB,0x5ACB,0x5ACB,0x5ACB,
  0x5ACB,0x5ACB,0x5ACB,0x5ACB,0x5ACB,0x5ACB,0x5ACB,0x5ACB,0x5ACB,0x5ACB,0x5ACB,0x5ACB,
  0x5ACB,0x5ACB,0x5ACB,0x5ACB,0x5ACB,0x630B,0x39E7,0x4228,0xEF5D,0xFFFF,0xFFFF,0xFFFF,
  0xFFFF,0xFFFF,0xFFFF,0xFFFF,0xFFFF,0xFFFF,0xFFFF,0xFFFF,0xD6DA,0xAD75,0xB596,0xAD76,
  0xB596,0xB596,0xB596,0xB596,0xB596,0xB596,0xB596,0xB596,0xB596,0xB596,0xB596,0xB596,
  0xAD75,0xAD95,0xB596,0xAD96,0xB596,0xB596,0xB596,0xAD75,0xAD75,0xAD75,0xB596,0xB596,
  0xB596,0xB596,0xB596,0xB596,0xB596,0xB596,0xB596,0xB596,0xB596,0xB596,0xB596,0xB596,
  0xB596,0xB596,0xB596,0xB596,0xB596,0xB596,0xB596,0xB596,0xB596,0xB596,0xB596,0xB596,
  0xB596,0xB596,0xB596,0xB596,0xB596,0xB596,0xB596,0xB596,0xB596,0xB596,0xB596,0xAD96,
  0xB576,0xB576,0xB596,0xB596,0xB596,0xB596,0xB575,0xAD75,0xB596,0xAD75,0xBDF7,0xFFFF,
  0xFFFF,0xFFFF,0xFFFF,0xFFFF,0xFFFF,0xFFFF,0xFFFF,0xFFFF,0xFFFF,0xFFFF,0xFFFF,0xFFDF,
  0xFFFF,0xFFFF,0xFFFF,0xFFFF,0xFFFF,0xFFFF,0xFFFF,0xFFFF,0xFFFF,0xFFFF,0xFFFF,0xFFFF,
  0xFFFF,0xFFFF,0xFFFF,0xFFFF,0xFFFF,0xFFFF,0xFFFF,0xFFFF,0xFFFF,0xFFFF,0xFFFF,0xFFFF,
  0xFFFF,0xFFFF,0xFFFF,0xFFFF,0xFFFF,0xFFFF,0xFFFF,0xFFFF,0xFFFF,0xFFFF,0xFFFF,0xFFFF,
  0xFFFF,0xFFFF,0xFFFF,0xFFFF,0xFFFF,0xFFFF,0xFFFF,0xFFFF,0xFFFF,0xFFFF,0xFFFF,0xFFFF,
  0xFFFF,0xFFFF,0xFFFF,0xFFFF,0xFFFF,0xFFFF,0xFFFF,0xFFFF,0xFFFF,0xFFFF,0xFFFF,0xFFFF,
  0xFFFF,0xFFFF,0xFFFF,0xFFFF,0xFFFF,0xFFFF,0xFFFF,0xFFFF,0xFFFF,0xFFFF,0xFFFF,0xFFFF,
  0xFFFF,0xFFFF,0xFFFF,0xFFFF,0xFFFF,0xFFFF,0xFFFF,0xFFFF,0xFFFF,0xFFFF,0xFFFF,0xFFFF,
  0xFFFF,0xFFFF,0xFFFF,0xFFFF,0xFFFF,0xFFDF,0xFFFF,0xFFFF,0xFFFF,0xFFDF,0xFFDF,0xFFFF,
  0xFFFF,0xFFDF,0xFFFF,0xFFFF,0xFFFF,0xFFFF,0xFFFF,0xFFFF,0xFFDF,0xFFFF,0xFFDF,0xFFDF,
  0xFFDF,0xFFFF,0xFFFF,0xFFDF,0xFFFF,0xFFFF,0xFFDF,0xFFFF,0xFFFF,0xFFDF,0xFFDF,0xFFDF,
  0xFFDF,0xFFDF,0xFFDF,0xFFDF,0xFFDF,0xFFFF,0xFFFF,0xFFDF,0xFFFF,0xFFFF,0xFFDF,0xFFFF,
  0xFFFF,0xFFDF,0xFFFF,0xFFDF,0xFFDF,0xFFFF,0xFFDF,0xFFDF,0xFFFF,0xFFFF,0xFFFF,0xFFDF,
  0xFFFF,0xFFFF,0xFFDF,0xFFDF,0xFFDF,0xFFFF,0xFFFF,0xFFDF,0xFFFF,0xFFFF,0xFFFF,0xFFDF,
  0xFFFF,0xFFFF,0xFFFF,0xFFDF,0xFFDF,0xFFDF,0xFFFF,0xFFFF,0xFFFF,0xFFFF,0xFFFF,0xFFFF,
  0xFFFF,0xFFFF,0xFFFF,0xFFFF,0xFFFF,0xFFFF,0xFFFF,0xFFFF,0xFFFF,0xFFFF,0xFFFF,0xFFFF,
  0xFFFF,0xFFFF,0xFFFF,0xFFFF,0xFFFF,0xFFFF,0xFFFF,0xFFFF,0xFFFF,0xFFFF,0xFFFF,0xFFFF,
  0xFFFF,0xFFFF,0xFFFF,0xFFFF,0xFFFF,0xFFFF,0xFFFF,0xFFFF,0xFFFF,0xFFFF,0xFFFF,0xFFFF,
  0xFFFF,0xFFFF,0xFFFF,0xFFFF,0xFFFF,0xFFFF,0xFFFF,0xFFFF,0xFFFF,0xFFFF,0xFFFF,0xFFFF,
  0xFFFF,0xFFFF,0xFFFF,0xFFFF,0xFFFF,0xFFFF,0xFFFF,0xFFFF,0xFFFF,0xFFFF,0xFFFF,0xFFFF,
  0xFFFF,0xFFFF,0xFFFF,0xFFFF,0xFFFF,0xFFFF,0xFFFF,0xFFFF,0xFFFF,0xFFFF,0xFFFF,0xFFFF,
  0xFFFF,0xFFFF,0xFFFF,0xFFFF,0xFFFF,0xFFFF,0xFFFF,0xFFFF,0xFFFF,0xFFFF,0xFFFF,0xFFFF,
  0xFFFF,0xFFFF,0xFFFF,0xFFFF
};

static const uint16_t cover_snake[] = {
  0xFFFF,0xFFFF,0xFFFF,0xFFFF,0xFFFF,0xFFFF,0xFFFF,0xFFFF,0xFFFF,0xFFFF,0xFFFF,0xFFFF,
  0xFFFF,0xFFFF,0xFFFF,0xFFFF,0xFFFF,0xFFFF,0xFFFF,0xFFFF,0xFFFF,0xFFFF,0xFFFF,0xFFFF,
  0xFFFF,0xFFFF,0xFFFF,0xFFFF,0xFFFF,0xFFFF,0xFFFF,0xFFFF,0xFFFF,0xFFFF,0xFFFF,0xFFFF,
  0xFFFF,0xFFFF,0xFFFF,0xFFFF,0xFFFF,0xFFFF,0xFFFF,0xFFFF,0xFFFF,0xFFFF,0xFFFF,0xFFFF,
  0xFFFF,0xFFFF,0xFFFF,0xFFFF,0xFFFF,0xFFFF,0xFFFF,0xFFFF,0xFFFF,0xFFFF,0xFFFF,0xFFFF,
  0xFFFF,0xFFFF,0xFFFF,0xFFFF,0xFFFF,0xFFFF,0xFFFF,0xFFFF,0xFFFF,0xFFFF,0xFFFF,0xFFFF,
  0xFFFF,0xFFFF,0xFFFF,0xFFFF,0xFFFF,0xFFFF,0xFFFF,0xFFFF,0xFFFF,0xFFFF,0xFFFF,0xFFFF,
  0xFFFF,0xFFFF,0xFFFF,0xFFFF,0xFFFF,0xFFFF,0xFFFF,0xFFFF,0xFFFF,0xFFFF,0xFFFF,0xFFFF,
  0xFFFF,0xFFFF,0xFFFF,0xFFFF,0xFFFF,0xFFFF,0xFFFF,0xFFFF,0xFFFF,0xFFFF,0xFFFF,0xFFFF,
  0xFFFF,0xFFFF,0xFFFF,0xFFFF,0xFFFF,0xFFFF,0xFFFF,0xFFFF,0xFFFF,0xFFFF,0xFFFF,0xFFFF,
  0xFFFF,0xFFFF,0xFFFF,0xFFFF,0xFFFF,0xFFFF,0xFFFF,0xFFFF,0xFFFF,0xFFFF,0xFFFF,0xFFFF,
  0xFFFF,0xFFFF,0xFFFF,0xFFFF,0xFFFF,0xFFFF,0xFFFF,0xFFFF,0xFFFF,0xFFFF,0xFFFF,0xFFFF,
  0xFFFF,0xFFFF,0xFFFF,0xFFFF,0xFFFF,0xFFFF,0xFFFF,0xFFFF,0xFFFF,0xFFFF,0xFFFF,0xFFFF,
  0xFFFF,0xFFFF,0xFFFF,0xFFFF,0xFFFF,0xFFFF,0xFFFF,0xFFFF,0xFFFF,0xFFFF,0xFFFF,0xFFFF,
  0xFFFF,0xFFFF,0xFFFF,0xFFDF,0xFFFF,0xFFFF,0xFFFF,0xFFFF,0xFFFF,0xFFFF,0xFFFF,0xFFFF,
  0xFFFF,0xFFFF,0xFFFF,0xFFFF,0xF7BE,0xDEDB,0xDEFB,0xDEFB,0xDEFB,0xDEFB,0xDEFB,0xDEFB,
  0xDEFB,0xDEFB,0xDEFB,0xDEFB,0xDEFB,0xDEFB,0xDEFB,0xDEFB,0xDEFB,0xDEFB,0xDEFB,0xDEFB,
  0xDEFB,0xDEFB,0xDEFB,0xDEFB,0xDEFB,0xDEFB,0xDEFB,0xDEFB,0xDEFB,0xDEFB,0xDEFB,0xDEFB,
  0xDEFB,0xDEFB,0xDEFB,0xDEFB,0xDEFB,0xDEFB,0xDEFB,0xDEFB,0xDEFB,0xDEFB,0xDEFB,0xDEFB,
  0xDEFB,0xDEFB,0xDEFB,0xDEFB,0xDEFB,0xDEFB,0xDEFB,0xDEFB,0xDEFB,0xDEFB,0xDEFB,0xDEFB,
  0xDEFB,0xDEFB,0xDEFB,0xDEFB,0xDEFB,0xDEFB,0xDEFB,0xDEFB,0xDEFB,0xDEFB,0xDEFB,0xDEFB,
  0xDEFB,0xDEFB,0xDEFB,0xDEFB,0xDEFB,0xDEFB,0xE73C,0xFFFF,0xFFFF,0xFFFF,0xFFFF,0xFFFF,
  0xFFFF,0xFFFF,0xFFFF,0xFFFF,0xFFFF,0xFFFF,0xFFFF,0xBDD7,0x2965,0x4A48,0x4A69,0x4A69,
  0x4A49,0x4A49,0x4A49,0x4A49,0x4A49,0x4A49,0x4A49,0x4A49,0x4A49,0x4A49,0x4A49,0x4A49,
  0x4A49,0x4A49,0x4A49,0x4A69,0x4A49,0x4A49,0x4A49,0x4A49,0x4A49,0x4A49,0x4A69,0x4A49,
  0x4A49,0x4A49,0x4A49,0x4A49,0x4A49,0x4A49,0x4A49,0x4A49,0x4A49,0x4A49,0x4A49,0x4A69,
  0x4A69,0x4A49,0x4A69,0x4A69,0x4A49,0x4A49,0x4A49,0x4A49,0x4A49,0x4A49,0x4A49,0x4A49,
  0x4A49,0x4A49,0x4A49,0x4A49,0x4A49,0x4A49,0x4A49,0x4A69,0x4A69,0x4A49,0x4A49,0x4A49,
  0x4A49,0x4A69,0x4A69,0x4A69,0x4A69,0x4A69,0x4A49,0x4A49,0x4A49,0x528A,0x3186,0x7BEF,
  0xFFFF,0xFFFF,0xFFFF,0xFFFF,0xFFFF,0xFFFF,0xFFFF,0xFFFF,0xFFFF,0xFFFF,0xD69A,0x10A2,
  0xA514,0xFFFF,0xFFDF,0xFFFF,0xFFFF,0xFFDF,0xFFDF,0xFFDF,0xFFFF,0xFFFF,0xFFDF,0xFFDF,
  0xFFDF,0xFFDF,0xFFFF,0xFFFF,0xFFDF,0xFFDF,0xFFFF,0xFFFF,0xFFFF,0xFFFF,0xFFFF,0xFFFF,
  0xFFFF,0xFFDF,0xFFDF,0xFFDF,0xFFFF,0xFFFF,0xFFFF,0xFFDF,0xFFDF,0xFFDF,0xFFDF,0xFFDF,
  0xFFDF,0xFFDF,0xFFFF,0xFFFF,0xFFFF,0xFFFF,0xFFDF,0xFFFF,0xFFFF,0xFFFF,0xFFDF,0xFFDF,
  0xFFDF,0xFFFF,0xFFDF,0xFFFF,0xFFFF,0xFFDF,0xFFDF,0xFFDF,0xFFDF,0xFFDF,0xFFDF,0xFFFF,
  0xFFFF,0xFFDF,0xFFDF,0xFFFF,0xFFFF,0xFFFF,0xFFDF,0xFFDF,0xFFDF,0xFFDF,0xFFDF,0xFFFF,
  0xFFDF,0xFFFF,0xDEFB,0x2965,0x7BCF,0xFFFF,0xFFDF,0xFFFF,0xFFFF,0xFFFF,0xFFFF,0xFFFF,
  0xFFDF,0xFFFF,0x738E,0x738E,0xFFFF,0xFFDF,0xFFFF,0xFFFF,0xFFFF,0xFFFF,0xFFFF,0xFFFF,
  0xFFFF,0xFFFF,0xFFFF,0xFFFF,0xFFFF,0xFFFF,0xFFFF,0xFFFF,0xFFFF,0xFFFF,0xFFFF,0xFFFF,
  0xFFFF,0xFFFF,0xFFFF,0xFFFF,0xFFFF,0xFFFF,0xFFFF,0xFFFF,0xFFFF,0xFFFF,0xFFFF,0xFFFF,
  0xFFFF,0xFFFF,0xFFFF,0xFFFF,0xFFFF,0xFFFF,0xFFFF,0xFFFF,0xFFFF,0xFFFF,0xFFFF,0xFFFF,
  0xFFFF,0xFFFF,0xFFFF,0xFFFF,0xFFFF,0xFFFF,0xFFFF,0xFFFF,0xFFFF,0xFFFF,0xFFFF,0xFFFF,
  0xFFFF,0xFFFF,0xFFFF,0xFFFF,0xFFFF,0xFFFF,0xFFFF,0xFFFF,0xFFFF,0xFFFF,0xFFFF,0xFFFF,
  0xFFFF,0xFFDF,0xFFDF,0xFFFF,0xFFFF,0xFFDF,0xFFFF,0xDEDB,0x39C7,0xF7BE,0xFFFF,0xFFFF,
  0xFFFF,0xFFFF,0xFFFF,0xFFFF,0xFFDF,0xFFFF,0x7BCF,0x8C71,0xFFFF,0xFFFF,0xFFFF,0xFFFF,
  0xFFFF,0xFFFF,0xFFFF,0xFFFF,0xFFFF,0xFFFF,0xFFFF,0xFFFF,0xFFFF,0xFFFF,0xFFFF,0xFFFF,
  0xFFFF,0xFFFF,0xFFDF,0xFFDF,0xFFDF,0xFFDF,0xFFDF,0xFFFF,0xFFFF,0xFFDF,0xFFDF,0xFFFF,
  0xFFFF,0xFFFF,0xFFFF,0xFFDF,0xFFFF,0xFFFF,0xFFFF,0xFFFF,0xFFDF,0xFFDF,0xFFDF,0xFFDF,
  0xFFFF,0xFFFF,0xFFFF,0xFFDF,0xFFDF,0xFFFF,0xFFFF,0xFFFF,0xFFFF,0xFFDF,0xFFFF,0xFFFF,
  0xFFDF,0xFFDF,0xFFDF,0xFFDF,0xFFDF,0xFFDF,0xFFDF,0xFFFF,0xFFFF,0xFFFF,0xFFFF,0xFFFF,
  0xFFFF,0xFFFF,0xFFFF,0xFFDF,0xFFFF,0xFFFF,0xFFFF,0xFFFF,0xFFFF,0xFFFF,0xFFFF,0xEF7D,
  0x528A,0xF79E,0xFFFF,0xFFFF,0xFFFF,0xFFFF,0xFFFF,0xFFFF,0xFFDF,0xFFFF,0x7BCF,0x8430,
  0xFFFF,0xFFDF,0xFFFF,0xFFFF,0xFFFF,0xFFFF,0xFFFF,0xFFFF,0xD69A,0xDEFB,0xFFFF,0xFFFF,
  0xFFFF,0xFFFF,0xFFFF,0xFFFF,0xFFFF,0xFFFF,0xFFFF,0xFFFF,0xFFFF,0xFFFF,0xFFFF,0xFFFF,
  0xFFFF,0xFFFF,0xFFFF,0xFFFF,0xFFFF,0xFFFF,0xFFFF,0xFFFF,0xFFFF,0xFFFF,0xFFFF,0xFFFF,
  0xFFFF,0xFFFF,0xFFFF,0xFFFF,0xFFFF,0xFFFF,0xFFFF,0xFFFF,0xFFFF,0xFFFF,0xFFFF,0xFFFF,
  0xFFFF,0xFFFF,0xFFFF,0xFFFF,0xFFFF,0xFFFF,0xFFFF,0xFFFF,0xFFFF,0xFFFF,0xFFFF,0xFFFF,
  0xFFFF,0xFFFF,0xFFFF,0xFFFF,0xFFFF,0xFFFF,0xFFFF,0xFFFF,0xFFFF,0xE71C,0xCE79,0xFFFF,
  0xFFFF,0xFFFF,0xFFFF,0xEF5D,0x4A49,0xF79E,0xFFFF,0xFFFF,0xFFFF,0xFFFF,0xFFFF,0xFFFF,
  0xFFDF,0xFFFF,0x7BCF,0x8C51,0xFFFF,0xFFDF,0xFFFF,0xFFFF,0xFFFF,0x9CD3,0xD6BA,0x94B2,
  0x0000,0xA4F4,0xFFFF,0xFFFF,0xFFFF,0xFFFF,0xFFFF,0xFFFF,0xFFFF,0xEF5D,0x8C71,0x8C71,
  0x9492,0x9492,0x8C71,0xDEFB,0xFFFF,0x9CF3,0x9CD3,0xFFBF,0xFFFF,0xFFFF,0xD69A,0x8430,
  0xD6BA,0xFFFF,0xFFFF,0xF7BE,0x9CD3,0x8C71,0x8C51,0xAD76,0xFFFF,0xFFDF,0xFFFF,0xBDF7,
  0x8430,0xE73C,0xFFFF,0xFFFF,0xDEDB,0x8C71,0xD69A,0xFFFF,0xC618,0x8430,0x8C71,0x8C51,
  0x8C71,0x8C71,0x9CD3,0xF7BE,0xFFFF,0xFFFF,0xFFFF,0xFFFF,0xFFFF,0xFFFF,0xCE59,0xB5B6,
  0xDEFB,0x1082,0x528A,0xFFFF,0xFFFF,0xFFDF,0xFFFF,0xEF5D,0x4A69,0xF79E,0xFFFF,0xFFFF,
  0xFFFF,0xFFFF,0xFFFF,0xFFFF,0xFFDF,0xFFFF,0x7BCF,0x8C51,0xFFFF,0xFFDF,0xFFFF,0xFFDF,
  0xFFFF,0x9492,0x2104,0x2104,0xAD34,0xFFFF,0xFFFF,0xFFFF,0xFFFF,0xFFFF,0xFFFF,0xFFFF,
  0xFFFF,0xCE79,0x0000,0x0000,0x0000,0x0000,0x0000,0xAD55,0xFFFF,0x18C3,0x18A2,0xFFFF,
  0xFFFF,0xFFFF,0x94B2,0x0000,0x9CD3,0xFFFF,0xFFFF,0xEF7D,0x0020,0x0000,0x0000,0x39E7,
  0xFFFF,0xF7BE,0xFFFF,0x632C,0x0000,0xC638,0xFFFF,0xFFFF,0xA534,0x0000,0x8C51,0xFFFF,
  0x738E,0x0000,0x0000,0x0000,0x0000,0x0000,0x0020,0xEF5D,0xFFFF,0xFFFF,0xFFFF,0xFFFF,
  0xFFFF,0xFFFF,0xD6BA,0x31A6,0x2124,0x6B2C,0xFFBF,0xFFFF,0xFFFF,0xFFFF,0xFFFF,0xEF5D,
  0x4A69,0xF79E,0xFFFF,0xFFFF,0xFFFF,0xFFFF,0xFFFF,0xFFFF,0xFFDF,0xFFFF,0x7BCF,0x8C51,
  0xFFFF,0xFFDF,0xFFDF,0xFFFF,0xF79E,0xE7BE,0x4249,0x8CB2,0xEFBE,0xF7BE,0xFFFF,0xFFFF,
  0xFFFF,0xFFFF,0xFFFF,0xFFFF,0x8430,0x2124,0x9CD3,0xCE59,0xC618,0xC618,0xBDF7,0xEF5D,
  0xFFFF,0x31A6,0x0861,0x52AA,0xE73C,0xFFFF,0x9CF3,0x0020,0x9CF3,0xFFFF,0x8410,0x3186,
  0x9CF3,0xBDF7,0xC618,0x8410,0x3186,0xAD75,0xFFFF,0x738E,0x0020,0xD6BA,0xFFFF,0x39C7,
  0x4A69,0xB5B6,0xDEDB,0xFFFF,0x7BCF,0x0020,0x94B2,0xCE59,0xC639,0xC638,0xC618,0xFFDF,
  0xFFFF,0xFFFF,0xFFFF,0xFFFF,0xFFDF,0xFFDF,0xEF9E,0x8450,0x3A08,0xE79E,0xEF9E,0xFFFF,
  0xFFFF,0xFFFF,0xFFFF,0xEF7D,0x528A,0xF79E,0xFFFF,0xFFFF,0xFFFF,0xFFFF,0xFFFF,0xFFFF,
  0xFFDF,0xFFFF,0x7BCF,0x8C51,0xFFFF,0xFFDF,0xFFFF,0xEF9D,0x41E7,0x60C3,0x2081,0x4904,
  0x60A2,0x7B4D,0xF7FF,0xFFDF,0xFFFF,0xFFFF,0xFFDF,0xFFFF,0x5AEB,0x0000,0xB5B6,0xEF7D,
  0xE71C,0xEF5D,0xFFFF,0xFFFF,0xFFFF,0x31A6,0x0000,0x0020,0xA534,0xEF7D,0x9CD3,0x0000,
  0x9CF3,0xFFFF,0x5ACB,0x0000,0xDEBB,0xFFFF,0xFFFF,0xA514,0x0000,0x9CD3,0xFFFF,0x6B4D,
  0x0000,0xB596,0xD69A,0x18C3,0x5AEB,0xFFFF,0xFFDF,0xFFFF,0x7BCF,0x0000,0xB596,0xEF5D,
  0xE71C,0xF7BE,0xFFFF,0xFFFF,0xFFFF,0xFFFF,0xFFFF,0xFFDF,0xFFFF,0x7C10,0x48A2,0x38A2,
  0x20A2,0x68E3,0x5986,0xDF3D,0xFFFF,0xFFDF,0xFFFF,0xEF7D,0x526A,0xF79E,0xFFFF,0xFFFF,
  0xFFFF,0xFFFF,0xFFFF,0xFFFF,0xFFDF,0xFFFF,0x7BCF,0x8C51,0xFFFF,0xFFFF,0xE75D,0x51E7,
  0x8841,0xC8C2,0x8841,0xB1C6,0xFD34,0x90E3,0x6B4D,0xFFFF,0xFFFF,0xFFFF,0xFFFF,0xFFFF,
  0xE71C,0x94B2,0x0000,0x0000,0x0000,0x2124,0xFFFF,0xFFFF,0xFFFF,0x2945,0x2124,0xCE59,
  0x0000,0x9CD3,0xB5B6,0x0000,0xA514,0xFFFF,0x5AEB,0x0000,0xDEBA,0xFFFF,0xFFFF,0xA534,
  0x0000,0x9CF3,0xFFFF,0x6B4D,0x0000,0x0000,0x0000,0xDEDB,0xFFFF,0xF79E,0xFFDF,0xFFFF,
  0x7BEF,0x0000,0x0000,0x0000,0x0000,0x630C,0xFFFF,0xFFDF,0xFFFF,0xFFFF,0xFFFF,0xFFFF,
  0x8430,0x5841,0xB8A2,0xA0A2,0x9061,0xF4B1,0xCA68,0x5145,0xDF3C,0xFFFF,0xFFFF,0xEF5D,
  0x4A69,0xF79E,0xFFFF,0xFFFF,0xFFFF,0xFFFF,0xFFFF,0xFFFF,0xFFDF,0xFFFF,0x7BCF,0x8430,
  0xFFFF,0xFFFF,0xD6DB,0x2841,0xC8C3,0xB8E3,0xB8E3,0xB082,0xDC30,0xCAAA,0x4124,0xFFFF,
  0xFFFF,0xFFFF,0xFFFF,0xFFFF,0xFFFF,0xE71C,0x630C,0x630C,0x632C,0x4228,0x630C,0xD69A,
  0xFFFF,0x2124,0x2924,0xEF7D,0x8430,0x52AA,0x31A6,0x0000,0x9CF3,0xFFFF,0x5ACB,0x0000,
  0x4A49,0x5ACB,0x5AEB,0x39C7,0x0000,0x94B2,0xFFFF,0x6B4D,0x0000,0x528A,0x5AEB,0x73AE,
  0xB596,0xFFDF,0xF7BE,0xFFFF,0x7BCF,0x0000,0x52AA,0x6B6D,0x632C,0xA534,0xFFFF,0xFFDF,
  0xFFFF,0xFFFF,0xFFFF,0xFFFF,0x4A49,0x9841,0xC903,0xB8E3,0xB8A2,0xC289,0xF4B1,0x4800,
  0xC6BA,0xFFFF,0xFFFF,0xEF7D,0x5289,0xF79E,0xFFFF,0xFFFF,0xFFFF,0xFFFF,0xFFFF,0xFFFF,
  0xFFDF,0xFFFF,0x7BCF,0x8C51,0xFFFF,0xFFFF,0xD6DB,0x2000,0xC8C2,0xC0E3,0xB8E3,0xB0C2,
  0xB8A2,0xB061,0x3986,0xFFFF,0xFFFF,0xFFFF,0xFFFF,0xFFFF,0xFFFF,0xFFFF,0xFFFF,0xFFFF,
  0xFFFF,0x9CD3,0x0000,0xA534,0xFFFF,0x2124,0x2124,0xF7BF,0xFFFF,0x630C,0x0000,0x0000,
  0x9CD3,0xFFFF,0x5ACB,0x0000,0x0020,0x0000,0x0020,0x0020,0x0000,0x9CD3,0xFFFF,0x6B6D,
  0x0000,0xDEDB,0xFFFF,0x0000,0x3186,0xFFFF,0xFFDF,0xFFFF,0x7BCF,0x0000,0xD6BA,0xFFFF,
  0xFFFF,0xFFFF,0xFFFF,0xFFFF,0xFFFF,0xFFFF,0xFFDF,0xFFFF,0x4A49,0xA040,0xD123,0xB8E3,
  0xB8E3,0xB0C2,0xD8C2,0x3800,0xC69A,0xFFFF,0xFFFF,0xEF7D,0x4A69,0xF79E,0xFFFF,0xFFFF,
  0xFFFF,0xFFFF,0xFFFF,0xFFFF,0xFFDF,0xFFFF,0x7BCF,0x8C51,0xFFFF,0xFFFF,0xE75D,0x730C,
  0x8861,0xC903,0xC103,0xD103,0xC0C2,0x78A2,0x8C30,0xFFFF,0xFFFF,0xFFFF,0xFFDF,0xFFFF,
  0x8C51,0x39C7,0x39E7,0x39E7,0x39E7,0x2965,0x5ACB,0xCE79,0xFFFF,0x2104,0x2104,0xFFDF,
  0xFFDF,0xF79E,0x9492,0x0000,0x9CD3,0xFFFF,0x52AA,0x0000,0xBDF7,0xEF5D,0xEF7D,0x9492,
  0x0000,0x9CF3,0xFFFF,0x6B4D,0x0000,0xC638,0xFFDF,0xBDF7,0x8430,0x31A7,0xAD75,0xFFFF,
  0x73AE,0x0000,0x3186,0x4208,0x39E7,0x39C7,0x4A69,0xEF7D,0xFFFF,0xFFDF,0xFFDF,0xFFFF,
  0x9CD3,0x7903,0xB8C2,0xD124,0xC903,0xC0E3,0x8861,0x72CB,0xE73C,0xFFFF,0xFFFF,0xEF7D,
  0x4A69,0xF79E,0xFFFF,0xFFFF,0xFFFF,0xFFFF,0xFFFF,0xFFFF,0xFFDF,0xFFFF,0x7BCF,0x8C30,
  0xFFFF,0xFFDF,0xFFFF,0xEFBE,0x49C7,0x9020,0x9040,0xA040,0x8800,0x632C,0xFFFF,0xFFFF,
  0xFFFF,0xFFFF,0xFFDF,0xFFFF,0x6B6D,0x0841,0x10A2,0x10A2,0x0861,0x2945,0xFFDF,0xFFFF,
  0xFFFF,0x4208,0x39E7,0xFFDF,0xFFFF,0xFFFF,0xAD55,0x10A2,0xA534,0xFFFF,0x6B4D,0x18C3,
  0xDEFB,0xFFFF,0xFFFF,0xB596,0x18C3,0xAD75,0xFFFF,0x7BEF,0x18C3,0xCE59,0xFFFF,0xFFFF,
  0xB5B6,0x0861,0x9CD3,0xFFFF,0x8430,0x18C3,0x10A2,0x0861,0x1082,0x0861,0x2124,0xEF5D,
  0xFFFF,0xFFFF,0xFFFF,0xFFFF,0xFFFF,0x6BCF,0x7041,0xA061,0x9840,0x9020,0x4965,0xE77D,
  0xFFFF,0xFFFF,0xFFFF,0xEF7D,0x4A69,0xF79E,0xFFFF,0xFFFF,0xFFFF,0xFFFF,0xFFFF,0xFFFF,
  0xFFDF,0xFFFF,0x7BCF,0x8430,0xFFFF,0xFFDF,0xFFFF,0xFFFF,0xDEFB,0x4A69,0x5269,0x4A69,
  0x6B4D,0xFFBE,0xFFFF,0xFFFF,0xFFFF,0xFFFF,0xFFFF,0xFFFF,0xF7BE,0xF79E,0xF7BE,0xF7BE,
  0xEF7D,0xEF7D,0xF7BE,0xFFDF,0xFFFF,0xF7BE,0xF7BE,0xFFFF,0xFFFF,0xFFFF,0xF7BE,0xEF5D,
  0xF7BE,0xFFDF,0xF7BE,0xF79E,0xFFDF,0xFFFF,0xFFFF,0xFFDF,0xF79E,0xFFDF,0xFFFF,0xF7BE,
  0xEF7D,0xF7BE,0xFFDF,0xFFDF,0xFFDF,0xF7BE,0xFFDF,0xFFFF,0xF7BE,0xF79E,0xF79E,0xEF7D,
  0xEF7D,0xF79E,0xF7BE,0xFFDF,0xFFFF,0xFFFF,0xFFFF,0xFFFF,0xFFDF,0xFFFF,0x7BEF,0x528A,
  0x5ACB,0x528A,0xD679,0xFFFF,0xFFFF,0xFFFF,0xFFFF,0xEF7D,0x4A69,0xF79E,0xFFFF,0xFFFF,
  0xFFFF,0xFFFF,0xFFFF,0xFFFF,0xFFDF,0xFFFF,0x7BCF,0x8430,0xFFFF,0xFFFF,0xFFFF,0xFFFF,
  0xFFFF,0xFFFF,0xFFFF,0xFFFF,0xFFFF,0xFFFF,0xFFFF,0xFFFF,0xFFFF,0xFFFF,0xFFFF,0xFFFF,
  0xFFFF,0xFFFF,0xFFFF,0xFFFF,0xFFFF,0xFFFF,0xFFFF,0xFFFF,0xFFFF,0xFFFF,0xFFFF,0xFFFF,
  0xFFFF,0xFFFF,0xFFFF,0xFFFF,0xFFFF,0xFFFF,0xFFFF,0xFFFF,0xFFFF,0xFFFF,0xFFFF,0xFFFF,
  0xFFFF,0xFFFF,0xFFFF,0xFFFF,0xFFFF,0xFFDF,0xFFFF,0xFFFF,0xFFFF,0xFFFF,0xFFFF,0xFFFF,
  0xFFFF,0xFFFF,0xFFFF,0xFFFF,0xFFFF,0xFFFF,0xFFFF,0xFFFF,0xFFFF,0xFFFF,0xFFFF,0xFFFF,
  0xFFFF,0xFFFF,0xFFFF,0xFFFF,0xFFFF,0xFFFF,0xFFFF,0xFFFF,0xFFFF,0xFFFF,0xFFFF,0xEF7D,
  0x4A69,0xF79E,0xFFFF,0xFFFF,0xFFFF,0xFFFF,0xFFFF,0xFFFF,0xFFDF,0xFFFF,0x7BCF,0x8430,
  0xFFFF,0xFFDF,0xFFFF,0xFFFF,0xFFFF,0xFFFF,0xFFDF,0xFFBF,0xFFFF,0xFFFF,0xFFFF,0xFFFF,
  0xFFFF,0xFFFF,0xFFFF,0xFFFF,0xFFFF,0xFFFF,0xFFFF,0xFFFF,0xFFFF,0xFFFF,0xFFFF,0xFFFF,
  0xFFFF,0xFFFF,0xFFFF,0xFFFF,0xFFFF,0xFFFF,0xFFFF,0xFFFF,0xFFFF,0xFFFF,0xFFFF,0xFFFF,
  0xFFFF,0xFFFF,0xFFFF,0xFFFF,0xFFFF,0xFFFF,0xFFFF,0xFFFF,0xFFFF,0xFFFF,0xFFFF,0xFFFF,
  0xFFFF,0xFFFF,0xFFFF,0xFFFF,0xFFFF,0xFFFF,0xFFFF,0xFFFF,0xFFFF,0xFFFF,0xFFFF,0xFFFF,
  0xFFFF,0xFFFF,0xFFFF,0xFFFF,0xFFFF,0xFFFF,0xFFFF,0xFFFF,0xFFFF,0xFFDF,0xFFFF,0xFFFF,
  0xFFFF,0xFFFF,0xFFFF,0xEF7D,0x4A69,0xF79E,0xFFFF,0xFFFF,0xFFFF,0xFFFF,0xFFFF,0xFFFF,
  0xFFDF,0xFFFF,0x7BCF,0x8430,0xFFFF,0xFFDF,0xFFFF,0xFFFF,0xFFFF,0xFFFF,0xFFFF,0xFFFF,
  0xE73C,0xE73C,0xE73C,0xE71C,0xF79E,0xEF7D,0xE73C,0xE73C,0xE71C,0xEF7D,0xF79E,0xE71C,
  0xE73C,0xE73C,0xEF5D,0xF7BE,0xEF5D,0xE73C,0xE73C,0xE73C,0xF79E,0xE73C,0xE73C,0xEF5D,
  0xEF5D,0xF79E,0xEF5D,0xE73C,0xE73C,0xE73C,0xEF7E,0xE73C,0xE73C,0xE73C,0xE73C,0xF79E,
  0xE73C,0xE73C,0xE73C,0xEF5D,0xFFDF,0xEF5D,0xE73C,0xE73C,0xE73C,0xF79E,0xE73C,0xE73C,
  0xEF5C,0xEF5D,0xF79E,0xEF5D,0xE73C,0xE73C,0xE73C,0xEF7D,0xEF5D,0xE73C,0xE75D,0xE73C,
  0xF7BE,0xFFFF,0xFFFF,0xFFFF,0xFFFF,0xFFFF,0xFFFF,0xEF7D,0x4A69,0xF79E,0xFFFF,0xFFFF,
  0xFFFF,0xFFFF,0xFFFF,0xFFFF,0xFFDF,0xFFFF,0x7BCF,0x8430,0xFFFF,0xFFDF,0xFFFF,0xFFFF,
  0xFFFF,0xFFFF,0xBDF7,0x94B2,0x5ACB,0x5ACB,0x5ACB,0x528A,0x9492,0x73AE,0x5ACB,0x5AEB,
  0x52AA,0x8430,0x9CF3,0x528A,0x5ACB,0x5ACB,0x632C,0xAD55,0x5AEB,0x5ACB,0x52AA,0x5AEB,
  0x9CF3,0x5ACB,0x52AA,0x5AEB,0x630C,0x94B2,0x5AEB,0x5ACB,0x52AA,0x630C,0x9CF3,0x52CA,
  0x52AA,0x528A,0x632C,0x9CD3,0x52AA,0x52AA,0x5ACB,0x632C,0xBDD7,0x630C,0x52CA,0x52AA,
  0x5ACB,0xA534,0x630C,0x52AA,0x5AEB,0x5AEB,0xA514,0x6B8D,0x52AA,0x5ACB,0x52AA,0x8C71,
  0x738E,0x52CB,0x5AEB,0x5AEB,0x73AE,0xB596,0xEF7D,0xFFFF,0xFFFF,0xFFFF,0xFFFF,0xEF7D,
  0x4A69,0xF79E,0xFFFF,0xFFFF,0xFFFF,0xFFFF,0xFFFF,0xFFFF,0xFFDF,0xFFFF,0x7BCF,0x8430,
  0xFFFF,0xFFDF,0xFFFF,0xFFFF,0xFFFF,0xB5B6,0x5ACB,0x9CD3,0xFFFF,0xF79E,0xF79E,0xFFDF,
  0xFFDF,0xFFDF,0xFFDF,0xF79E,0xFFDF,0xFFDF,0xFFDF,0xFFDF,0xF7BE,0xF7BE,0xFFDF,0xFFDF,
  0xFFDF,0xFFDF,0xF7BE,0xFFDF,0xFFDF,0xFFDF,0xFFDF,0xF7BE,0xFFDF,0xFFDF,0xFFDF,0xF79E,
  0xF79E,0xFFDF,0xFFDF,0xFFDF,0xF79E,0xF7BE,0xFFDF,0xFFDF,0xFFDF,0xF79E,0xF7BE,0xFFDF,
  0xFFFF,0xFFDF,0xF7BE,0xF79E,0xFFDF,0xFFDF,0xFFDF,0xFFDF,0xF7BE,0xFFDF,0xFFDF,0xFFDF,
  0xF7BE,0xEF7D,0xF7DF,0xFFDF,0xFFDF,0xFFDF,0xF79E,0xFFFF,0xCE79,0x5AEB,0x8C51,0xFFDF,
  0xFFFF,0xFFFF,0xFFFF,0xEF7D,0x528A,0xF79E,0xFFFF,0xFFFF,0xFFFF,0xFFFF,0xFFFF,0xFFFF,
  0xFFDF,0xFFFF,0x7BCF,0x8430,0xFFFF,0xFFDF,0xFFFF,0xFFFF,0xDEDB,0x4A69,0xE71C,0xFFFF,
  0xFFFF,0xFFFF,0xFFDF,0xFFFF,0xFFFF,0xFFFF,0xFFDF,0xF7BE,0xFFFF,0xFFFF,0xFFFF,0xFFFF,
  0xFFDF,0xFFFF,0xFFFF,0xFFFF,0xFFFF,0xFFFF,0xFFDF,0xFFFF,0xFFFF,0xFFFF,0xFFFF,0xFFDF,
  0xFFFF,0xFFFF,0xFFFF,0xFFDF,0xFFDF,0xFFFF,0xFFFF,0xFFFF,0xFFDF,0xFFDF,0xFFFF,0xFFFF,
  0xFFFF,0xFFDF,0xFFFF,0xFFFF,0xFFFF,0xFFFF,0xFFFF,0xFFDF,0xFFFF,0xFFFF,0xFFFF,0xFFFF,
  0xFFFF,0xFFFF,0xFFFF,0xFFFF,0xFFFF,0xFFDF,0xFFFF,0xFFFF,0xFFFF,0xFFFF,0xFFDF,0xFFFF,
  0xFFFF,0xFFFF,0x632C,0xAD55,0xFFFF,0xFFDF,0xFFFF,0xEF7D,0x4A69,0xF79E,0xFFFF,0xFFFF,
  0xFFFF,0xFFFF,0xFFFF,0xFFFF,0xFFDF,0xFFFF,0x7BCF,0x8C51,0xFFFF,0xFFDF,0xFFDF,0xFFFF,
  0x738E,0x8C51,0xFFFF,0xF7BE,0xFFFF,0xFFDF,0xF7DE,0xFFFF,0xFFFF,0xFFFF,0xFFDF,0xF79E,
  0xFFFF,0xFFFF,0xFFFF,0xFFFF,0xF7BE,0xF7BE,0xFFFF,0xFFFF,0xFFFF,0xFFDF,0xF7BE,0xFFFF,
  0xFFFF,0xFFFF,0xFFFF,0xFFDF,0xFFFF,0xFFFF,0xFFFF,0xFFDF,0xFFDF,0xFFFF,0xFFFF,0xFFFF,
  0xFFDF,0xFFDF,0xFFFF,0xFFFF,0xFFFF,0xF7BE,0xFFDF,0xFFFF,0xFFFF,0xFFFF,0xFFDF,0xFFDF,
  0xFFFF,0xFFFF,0xFFFF,0xFFFF,0xFFDF,0xFFFF,0xFFFF,0xFFFF,0xFFDF,0xF7BE,0xFFFF,0xFFFF,
  0xFFFF,0xFFFF,0xFFDF,0xFFFF,0xF7BF,0xFFFF,0xDEDB,0x4A49,0xFFFF,0xFFFF,0xFFFF,0xEF7D,
  0x4A69,0xF79E,0xFFFF,0xFFFF,0xFFFF,0xFFFF,0xFFFF,0xFFFF,0xFFDF,0xFFFF,0x7BCF,0x8C51,
  0xFFFF,0xFFDF,0xFFDF,0xFFFF,0x7BCF,0x9492,0xFFFF,0xFFDF,0xFFFF,0xFFDF,0xF7BE,0xFFFF,
  0xFFFF,0xFFFF,0xFFFF,0xF7BE,0xFFFF,0xFFFF,0xFFFF,0xFFFF,0xFFDF,0xF7BE,0xFFFF,0xFFFF,
  0xFFFF,0xF7DF,0xF7BE,0xFFFF,0xFFFF,0xFFFF,0xFFDF,0xF7BE,0xFFFF,0xFFFF,0xFFFF,0xF7BE,
  0xFFDF,0xFFFF,0xFFFF,0xFFFF,0xFFBE,0xFFDF,0xFFFF,0xFFFF,0xFFFF,0xFFBF,0xFFDF,0xFFFF,
  0xFFFF,0xFFFF,0xF7BE,0xF7BE,0xFFFF,0xFFFF,0xFFFF,0xFFDF,0xF79E,0xFFFF,0xFFFF,0xFFFF,
  0xFFDF,0xF79E,0xFFFF,0xFFFF,0xFFFF,0xFFFF,0xF7BE,0xFFDF,0xFFDF,0xFFFF,0xD6BA,0x4A69,
  0xFFFF,0xFFFF,0xFFFF,0xEF5D,0x4A69,0xF79E,0xFFFF,0xFFFF,0xFFFF,0xFFFF,0xFFFF,0xFFFF,
  0xFFDF,0xFFFF,0x7BCF,0x8C51,0xFFFF,0xFFDF,0xFFDF,0xFFFF,0x738E,0x8C71,0xFFFF,0xFFDF,
  0xFFFF,0xFFDF,0xFFDF,0xFFFF,0xFFFF,0xFFFF,0xFFFF,0xFFDF,0xFFFF,0xFFFF,0xFFFF,0xFFFF,
  0xFFDF,0xFFDF,0xFFFF,0xFFFF,0xFFFF,0xFFDF,0xF7DF,0xFFFF,0xFFFF,0xFFFF,0xFFDF,0xF7BE,
  0xFFFF,0xFFFF,0xFFFF,0xFFDF,0xFFDF,0xFFFF,0xFFFF,0xFFFF,0xFFDF,0xFFDF,0xFFFF,0xFFFF,
  0xFFFF,0xFFDF,0xFFDF,0xFFFF,0xFFFF,0xFFFF,0xFFDF,0xFFDF,0xFFFF,0xFFFF,0xFFFF,0xFFFF,
  0xFFFF,0xFFFF,0xFFDF,0xFFFF,0xFFFF,0xFFDF,0xFFFF,0xFFFF,0xFFFF,0xFFFF,0xFFDF,0xFFFF,
  0xFFFF,0xFFFF,0xD699,0x4208,0xFFFF,0xFFFF,0xFFFF,0xEF7D,0x4A69,0xF79E,0xFFFF,0xFFFF,
  0xFFFF,0xFFFF,0xFFFF,0xFFFF,0xFFDF,0xFFFF,0x7BCF,0x8430,0xFFFF,0xFFDF,0xFFDF,0xFFFF,
  0xBDF7,0xC638,0xF7BE,0xF79E,0xF7BE,0xEF5D,0xEF5D,0xFFDF,0xF7BE,0xF7BE,0xFFFF,0xE71C,
  0xF79E,0xF79E,0xF7BE,0xFFDF,0xEF5D,0xF79E,0xFFDF,0xFFDF,0xFFDF,0xEF5D,0xE71C,0xFFDF,
  0xF7BE,0xF7BE,0xF79E,0xE73C,0xFFDF,0xFFDF,0xFFDF,0xEF7D,0xF79E,0xF7BE,0xF7BE,0xFFDF,
  0xEF7D,0xEF7D,0xF7BE,0xF7BE,0xFFDF,0xEF5D,0xEF7D,0xF7BE,0xF7BE,0xF7BE,0xEF7D,0xEF7D,
  0xFFDF,0xFFDF,0x94B2,0xCE79,0xCE59,0xE73C,0xF79E,0xF79E,0xF7BE,0xEF5D,0xFFDF,0xF7BE,
  0xF79E,0xF79E,0xE73C,0xFFDF,0xF7BF,0xFFDF,0xE71B,0x94B2,0xFFFF,0xFFFF,0xFFFF,0xEF7D,
  0x4A69,0xF79E,0xFFFF,0xFFFF,0xFFFF,0xFFFF,0xFFFF,0xFFFF,0xFFDF,0xFFFF,0x7BCF,0x8430,
  0xFFFF,0xFFDF,0xFFFF,0xFFFF,0xB596,0xC618,0xFFFF,0xF7BE,0xFFDF,0xF7BE,0xFFDF,0xFFFF,
  0xFFFF,0xFFFF,0xFFFF,0xF79E,0xF7BF,0xFFDF,0xFFFF,0xFFFF,0xF7BE,0xFFDF,0xFFFF,0xFFFF,
  0xFFDF,0xFFDE,0xF7BE,0xFFFF,0xFFDF,0xFFDF,0xFFDF,0xF7BE,0xFFFF,0xFFFF,0xFFFF,0xFFDF,
  0xFFDF,0xFFDF,0xFFDF,0xFFFF,0xFFDF,0xFFDF,0xFFFF,0xFFFF,0xFFFF,0xFFDF,0xFFDF,0xFFDF,
  0xFFDF,0xFFFF,0xFFDF,0xFFDF,0xFFDF,0xFFFF,0x8C30,0x31A6,0x5ACB,0xFFDF,0xFFFF,0xFFBF,
  0xFFDF,0xFFDF,0xFFFF,0xFFFF,0xFFDF,0xFFBF,0xF79E,0xFFFF,0xFFFF,0xFFFF,0xE73C,0x8C51,
  0xFFFF,0xFFFF,0xFFFF,0xEF7D,0x4A69,0xF79E,0xFFFF,0xFFFF,0xFFFF,0xFFFF,0xFFFF,0xFFFF,
  0xFFDF,0xFFFF,0x7BCF,0x8430,0xFFFF,0xFFDF,0xFFDF,0xFFFF,0x738E,0x8C71,0xFFFF,0xFFDF,
  0xFFFF,0xF7BE,0xF7BE,0xFFFF,0xFFFF,0xFFFF,0xFFFF,0xF79E,0xFFDF,0xFFFF,0xFFFF,0xFFFF,
  0xF7BE,0xFFDF,0xFFFF,0xFFFF,0xFFFF,0xFFDF,0xF7BE,0xFFFF,0xFFFF,0xFFFF,0xFFBF,0xF7BE,
  0xFFFF,0xFFFF,0xFFFF,0xFFDF,0xFFDF,0xFFFF,0xFFFF,0xFFFF,0xFFDF,0xFFDF,0xFFFF,0xFFFF,
  0xFFFF,0xFFBF,0xFFDF,0xFFFF,0xFFFF,0xFFFF,0xFFDF,0xF7BE,0xFFFF,0xD6BA,0xBE59,0x29A6,
  0x73CF,0xBE38,0xEF7D,0xFFFF,0xFFFF,0xF7BE,0xFFFF,0xFFFF,0xFFFF,0xFFDF,0xF79E,0xFFDF,
  0xFFFF,0xFFFF,0xDEDB,0x4228,0xFFFF,0xFFDF,0xFFFF,0xEF7D,0x4A69,0xF79E,0xFFFF,0xFFFF,
  0xFFFF,0xFFFF,0xFFFF,0xFFFF,0xFFDF,0xFFFF,0x7BCF,0x8C51,0xFFFF,0xFFDF,0xFFDF,0xFFFF,
  0x7BEF,0x94B2,0xFFFF,0xFFDF,0xFFFF,0xFFBE,0xFFDF,0xFFFF,0xFFFF,0xFFFF,0xFFFF,0xF7BE,
  0xFFFF,0xFFFF,0xFFFF,0xFFFF,0xF7BE,0xFFDF,0xFFFF,0xFFFF,0xFFFF,0xFFFF,0xFFDF,0xFFFF,
  0xFFFF,0xFFFF,0xFFDF,0xF7BE,0xFFFF,0xFFFF,0xFFFF,0xFFDF,0xFFDF,0xFFFF,0xFFFF,0xFFFF,
  0xFFDF,0xFFDF,0xFFFF,0xFFFF,0xFFFF,0xFFDF,0xFFDF,0xFFFF,0xFFFF,0xFFFF,0xFFDF,0xFFDF,
  0xE73C,0x5A08,0x6800,0x4061,0x6924,0x58A2,0x8C10,0xF7DF,0xFFFF,0xF7BE,0xFFDF,0xFFFF,
  0xFFFF,0xFFFF,0xF7BE,0xFFFF,0xFFFF,0xFFFF,0xDEDB,0x52AA,0xFFFF,0xFFDF,0xFFFF,0xEF7D,
  0x528A,0xF79E,0xFFFF,0xFFFF,0xFFFF,0xFFFF,0xFFFF,0xFFFF,0xFFDF,0xFFFF,0x7BCF,0x8C51,
  0xFFFF,0xFFDF,0xFFDF,0xFFFF,0x6B6D,0x8C51,0xFFFF,0xFFDF,0xFFFF,0xFFDF,0xFFDF,0xFFFF,
  0xFFFF,0xFFFF,0xFFFF,0xFFDF,0xFFFF,0xFFFF,0xFFFF,0xFFFF,0xF7BE,0xF7BE,0xFFDF,0xFFDF,
  0xFFFF,0xFFDF,0xFFDF,0xFFDF,0xFFDF,0xFFFF,0xFFDF,0xF7BE,0xFFDF,0xFFFF,0xFFFF,0xFFDF,
  0xFFDF,0xFFFF,0xFFDF,0xFFDF,0xF7BE,0xFFDF,0xFFFF,0xFFFF,0xFFFF,0xFFDF,0xFFFF,0xFFFF,
  0xFFFF,0xFFFF,0xF7BE,0xFFFF,0x73CF,0x7800,0xE123,0xC0A2,0xCA08,0xFD75,0x48A2,0xB5F7,
  0xFFFF,0xF79E,0xFFFF,0xFFFF,0xFFFF,0xFFFF,0xFFDF,0xFFFF,0xFFFF,0xFFFF,0xD6BA,0x4208,
  0xFFFF,0xFFDF,0xFFFF,0xEF7D,0x528A,0xF79E,0xFFFF,0xFFFF,0xFFFF,0xFFFF,0xFFFF,0xFFFF,
  0xFFDF,0xFFFF,0x7BCF,0x8C51,0xFFFF,0xFFDF,0xFFFF,0xFFFF,0xBDF7,0xC618,0xF7BE,0xF79E,
  0xFFDF,0xEF7D,0xEF5D,0xFFDF,0xF7BE,0xF79E,0xFFDF,0xEF5D,0xFFDE,0xF79E,0xF7BE,0xFFDF,
  0xFFDF,0xFFFF,0xFFFF,0xFFFF,0xFFFF,0xFFFF,0xFFFF,0xFFFF,0xFFFF,0xFFFF,0xFFDF,0xFFFF,
  0xFFFF,0xFFFF,0xFFFF,0xF7BE,0xFFFF,0xFFFF,0xFFFF,0xFFFF,0xFFDF,0xFFFF,0xFFDF,0xFFDF,
  0xFFDF,0xEF5D,0xEF7D,0xFFDF,0xF7BE,0xF7BE,0xE73C,0xF7BE,0x6B8E,0x7800,0xC903,0xB0C3,
  0xB061,0xEAEB,0x5082,0xA575,0xFFDF,0xE71C,0xFFDF,0xF7BE,0xF7BE,0xF7BE,0xE73C,0xFFDF,
  0xFFDF,0xFFDF,0xE73C,0xA514,0xFFFF,0xFFFF,0xFFFF,0xEF7D,0x528A,0xF79E,0xFFFF,0xFFFF,
  0xFFFF,0xFFFF,0xFFFF,0xFFFF,0xFFDF,0xFFFF,0x7BCF,0x8C51,0xFFFF,0xFFDF,0xFFFF,0xFFFF,
  0xB5B6,0xC618,0xFFFF,0xFFDF,0xFFFF,0xFFDF,0xF7BE,0xFFFF,0xFFDF,0xFFDF,0xFFFF,0xFFDF,
  0xFFFF,0xFFDF,0xFFDF,0xFFDF,0xFFFF,0xD6BA,0xBDD7,0xC618,0xF7BE,0xC618,0xA514,0xC638,
  0xBDF7,0xDEFB,0xD6BA,0x9CF3,0xC638,0xBDF7,0xBDF7,0xEF5D,0xEF7D,0xBDF8,0xC618,0xC638,
  0xBDF7,0xC638,0xFFDF,0xFFDF,0xFFDF,0xF7BE,0xFFDF,0xFFFF,0xFFDF,0xFFDF,0xF79E,0xFFDF,
  0xC638,0x5124,0xA881,0xC903,0xD103,0x9020,0x6269,0xDF1C,0xFFDF,0xEF7D,0xFFFF,0xFFFF,
  0xFFFF,0xFFDF,0xF79E,0xFFFF,0xFFFF,0xFFFF,0xE73C,0x9492,0xFFFF,0xFFFF,0xFFFF,0xEF7D,
  0x5269,0xF79E,0xFFFF,0xFFFF,0xFFFF,0xFFFF,0xFFFF,0xFFFF,0xFFDF,0xFFFF,0x7BCF,0x8C51,
  0xFFFF,0xFFDF,0xFFDF,0xFFFF,0x6B6D,0x8C51,0xFFFF,0xFFDF,0xFFFF,0xFFDF,0xFFDF,0xFFFF,
  0xFFFF,0xFFFF,0xFFFF,0xFFDF,0xFFFF,0xFFFF,0xFFDF,0xFFFF,0xB596,0x10A2,0x0000,0x0000,
  0x94B2,0x3186,0x0000,0x0020,0x0000,0x5ACB,0x7BCF,0x0000,0x0000,0x0000,0x0000,0xB596,
  0x6B6D,0x0000,0x0020,0x0820,0x0000,0x18E3,0xEF7D,0xFFDF,0xFFDF,0xFFDF,0xFFFF,0xFFFF,
  0xFFFF,0xFFFF,0xFFDF,0xFFDF,0xFFFF,0xB5F7,0x48E3,0x5040,0x5020,0x59C6,0xD6FB,0xFFFF,
  0xFFDF,0xF7BE,0xFFFF,0xFFFF,0xFFFF,0xFFFF,0xF7BE,0xFFFF,0xFFFF,0xFFFF,0xD6BA,0x4208,
  0xFFFF,0xFFFF,0xFFFF,0xEF7D,0x4A69,0xF79E,0xFFFF,0xFFFF,0xFFFF,0xFFFF,0xFFFF,0xFFFF,
  0xFFDF,0xFFFF,0x7BAE,0x8C51,0xFFFF,0xFFDF,0xFFDF,0xFFFF,0x7BCF,0x9492,0xFFFF,0xFFDF,
  0xFFFF,0xF7BE,0xF7BE,0xFFFF,0xFFFF,0xFFFF,0xFFFF,0xF7BE,0xFFDF,0xFFDF,0xFFFF,0x8430,
  0x18C2,0x0000,0x0020,0x0000,0x738E,0x39C7,0x0020,0x0841,0x0020,0x4A69,0x73AE,0x0020,
  0x0840,0x0020,0x0020,0x738E,0x10A2,0x0000,0x0000,0x0000,0x0000,0x0020,0x2945,0xD69A,
  0xFFFF,0xFFDF,0xFFFF,0xFFFF,0xFFFF,0xFFFF,0xFFDF,0xFFDF,0xFFDF,0xFFFF,0xCE9A,0xB618,
  0xADD7,0xDEFC,0xFFFF,0xFFDF,0xFFFF,0xFFDF,0xFFFF,0xFFFF,0xFFFF,0xFFFF,0xF7BE,0xFFFF,
  0xFFDF,0xFFFF,0xDEDB,0x52AA,0xFFFF,0xFFDF,0xFFFF,0xEF5D,0x4A69,0xF79E,0xFFFF,0xFFFF,
  0xFFFF,0xFFFF,0xFFFF,0xFFFF,0xFFDF,0xFFFF,0x73AE,0x8C50,0xFFFF,0xFFDF,0xFFDF,0xFFFF,
  0x738E,0x8C51,0xFFFF,0xFFDF,0xFFFF,0xFFDF,0xFFDF,0xFFFF,0xFFFF,0xFFFF,0xFFFF,0xF79E,
  0xFFDF,0xFFDF,0xFFFF,0x4228,0x0000,0x0841,0x0820,0x0000,0x73AE,0x2965,0x0000,0x0000,
  0x0000,0x528A,0x7BEF,0x0000,0x0000,0x0000,0x0000,0x94B2,0x39C7,0x0000,0x39E7,0x94B2,
  0x39E7,0x0000,0x0000,0x4228,0xAD55,0xFFFF,0xFFDF,0xFFFF,0xFFFF,0xFFFF,0xFFDF,0xFFDF,
  0xFFFF,0xFFDF,0xFFFF,0xFFFF,0xFFFF,0xFFFF,0xFFDF,0xFFFF,0xFFFF,0xFFDF,0xFFFF,0xFFFF,
  0xFFFF,0xFFFF,0xFFDF,0xFFFF,0xFFFF,0xFFFF,0xD6BA,0x4228,0xFFFF,0xFFFF,0xFFFF,0xEF7D,
  0x4A69,0xF79E,0xFFFF,0xFFFF,0xFFFF,0xFFFF,0xFFFF,0xFFFF,0xFFDF,0xFFFF,0x7BCF,0x8450,
  0xFFFF,0xFFDF,0xFFFF,0xFFFF,0xB5B6,0xC618,0xFFDF,0xF7BE,0xFFDF,0xF79E,0xEF5D,0xFFDF,
  0xFFDF,0xFFDF,0xFFFF,0xE75C,0xF7BE,0xF7BE,0xFFFF,0x5ACB,0x0000,0x0000,0x0000,0x0020,
  0xA534,0x9CF3,0x5AEB,0x7BEF,0x6B6D,0xAD75,0xAD75,0x4A69,0x7BCF,0x73CF,0x738E,0xCE79,
  0x4208,0x0000,0x8410,0xFFFF,0x7BEF,0x0000,0x0861,0x0000,0x6B4D,0xFFDF,0xE73C,0xF7BE,
  0xF7BE,0xFFDF,0xEF7D,0xEF7D,0xFFDF,0xFFDF,0xF7BE,0xF79E,0xEF5D,0xFFDF,0xFFBF,0xFFDF,
  0xF7BE,0xEF5D,0xFFDF,0xF7BE,0xF7BE,0xF7BE,0xE73C,0xFFDF,0xFFDF,0xFFDF,0xE73C,0x9492,
  0xFFFF,0xFFFF,0xFFFF,0xEF7D,0x4A69,0xF79E,0xFFFF,0xFFFF,0xFFFF,0xFFFF,0xFFFF,0xFFFF,
  0xFFDF,0xFFFF,0x7BCF,0x8430,0xFFFF,0xFFDF,0xFFFF,0xFFFF,0xB5B6,0xC618,0xFFFF,0xFFDF,
  0xFFFF,0xF7BE,0xF7BE,0xFFDF,0xFFDF,0xFFDF,0xFFFF,0xF79E,0xFFDF,0xFFDF,0xFFFF,0xEF5D,
  0x630C,0x5AEB,0x6B4D,0xBDF7,0xFFFF,0xFFFF,0xFFFF,0xFFFF,0xFFFF,0xFFFF,0xFFDF,0xFFDF,
  0xFFFF,0xFFFF,0xFFFF,0xFFFF,0x2945,0x0000,0x4228,0x9492,0x39E7,0x0000,0x0020,0x0000,
  0x6B6D,0xFFFF,0xEF7D,0xF7BF,0xFFDF,0xFFFF,0xF7BE,0xF7BE,0xFFFF,0xFFFF,0xFFDF,0xF79E,
  0xEF7D,0xFFDF,0xFFDF,0xFFDF,0xFFDF,0xEF9E,0xFFDF,0xFFDF,0xFFDF,0xFFDF,0xEF7D,0xFFDF,
  0xFFDF,0xFFFF,0xE73C,0x94B2,0xFFFF,0xFFFF,0xFFFF,0xEF7D,0x4A69,0xF79E,0xFFFF,0xFFFF,
  0xFFFF,0xFFFF,0xFFFF,0xFFFF,0xFFDF,0xFFFF,0x7BCF,0x8430,0xFFFF,0xFFDF,0xFFDF,0xFFFF,
  0x738E,0x8C71,0xFFFF,0xFFDF,0xFFFF,0xFFDF,0xFFDF,0xFFFF,0xFFFF,0xFFFF,0xFFFF,0xFFDF,
  0xFFFF,0xFFFF,0xFFFF,0x8410,0x10A2,0x18E3,0x18E3,0xAD75,0xFFFF,0xF7BE,0xF7BE,0xFFDF,
  0xFFDF,0xFFDF,0xFFBF,0xF7BE,0xFFDF,0xFFDF,0xFFDF,0xF79E,0x7BCF,0x18C3,0x0000,0x0000,
  0x0000,0x0000,0x0000,0x8410,0xD6BA,0xFFDF,0xFFDF,0xFFFF,0xFFFF,0xFFFF,0xFFDF,0xFFDF,
  0xFFFF,0xFFFF,0xFFFF,0xFFDF,0xF7BE,0xFFFF,0xFFFF,0xFFFF,0xFFFF,0xF7BE,0xFFFF,0xFFFF,
  0xFFFF,0xFFFF,0xF7BE,0xFFFF,0xFFFF,0xFFFF,0xD6BA,0x4208,0xFFFF,0xFFFF,0xFFFF,0xEF7D,
  0x4A69,0xF79E,0xFFFF,0xFFFF,0xFFFF,0xFFFF,0xFFFF,0xFFFF,0xFFDF,0xFFFF,0x7BCF,0x8430,
  0xFFFF,0xFFDF,0xFFDF,0xFFFF,0x7BEF,0x94B2,0xFFFF,0xFFDF,0xFFFF,0xFFDF,0xFFDF,0xFFFF,
  0xFFFF,0xFFFF,0xFFFF,0xF7BE,0xFFFF,0xFFDF,0xFFFF,0x4A69,0x0000,0x0000,0x0000,0x7BEF,
  0xFFFF,0xFFDF,0xFFDF,0xFFFF,0xFFFF,0xFFFF,0xFFFF,0xFFDF,0xFFFF,0xFFFF,0xFFDF,0xF79E,
  0xFFFF,0x6B6D,0x10A2,0x18E3,0x18C3,0x18E3,0x18C3,0xCE79,0xFFFF,0xF7BE,0xFFDF,0xFFFF,
  0xFFFF,0xFFFF,0xF7BE,0xF7BE,0xFFFF,0xFFFF,0xFFFF,0xFFFF,0xFFDF,0xFFFF,0xFFFF,0xFFFF,
  0xFFFF,0xF7BE,0xFFFF,0xFFFF,0xFFFF,0xFFFF,0xF7DF,0xFFFF,0xFFDF,0xFFFF,0xDEDB,0x52AA,
  0xFFFF,0xFFDF,0xFFFF,0xEF7D,0x4A69,0xF79E,0xFFFF,0xFFFF,0xFFFF,0xFFFF,0xFFFF,0xFFFF,
  0xFFDF,0xFFFF,0x7BCF,0x8430,0xFFFF,0xFFDF,0xFFDF,0xFFFF,0x738E,0x8C71,0xFFFF,0xFFFF,
  0xFFFF,0xF7BE,0xFFBF,0xFFFF,0xFFFF,0xFFFF,0xFFFF,0xF7BE,0xFFFF,0xFFDF,0xFFFF,0x4A49,
  0x0000,0x0020,0x0000,0x7BEF,0xFFFF,0xFFDF,0xFFDF,0xFFFF,0xFFFF,0xFFFF,0xFFFF,0xFFDF,
  0xFFFF,0xFFFF,0xFFFF,0xFFDF,0xFFDF,0xF79E,0xEF5D,0xEF7D,0xEF5D,0xEF7D,0xEF7D,0xFFDF,
  0xFFDF,0xF7BE,0xF7BE,0xFFFF,0xFFFF,0xFFFF,0xFFDF,0xFFDF,0xFFFF,0xFFFF,0xFFFF,0xFFDF,
  0xFFDF,0xFFFF,0xFFFF,0xFFFF,0xFFFF,0xFFDF,0xFFFF,0xFFFF,0xFFFF,0xFFFF,0xFFDF,0xFFFF,
  0xFFFF,0xFFFF,0xDEDB,0x4208,0xFFFF,0xFFFF,0xFFFF,0xEF7D,0x4A69,0xF79E,0xFFFF,0xFFFF,
  0xFFFF,0xFFFF,0xFFFF,0xFFFF,0xFFDF,0xFFFF,0x7BCF,0x8C51,0xFFFF,0xFFDF,0xFFDF,0xFFFF,
  0xB5B6,0xC618,0xFFDF,0xF7DE,0xFFDF,0xEF7D,0xEF7D,0xFFDF,0xFFDF,0xF7BF,0xFFDF,0xEF7D,
  0xFFDF,0xF7BE,0xFFDF,0x738E,0x10A2,0x18C3,0x18E3,0xA534,0xFFDF,0xEF7D,0xEF7D,0xFFDF,
  0xFFDF,0xFFFF,0xF7BE,0xEF5D,0xFFDF,0xF7BE,0xFFDF,0xF7BE,0xF7BE,0xFFDF,0xFFDF,0xFFFF,
  0xF7BE,0xF7BE,0xFFDF,0xFFDF,0xFFDF,0xEF5D,0xEF7E,0xFFDF,0xFFDF,0xFFFF,0xF79E,0xF79E,
  0xFFDF,0xF7BE,0xFFDF,0xF7BE,0xEF7D,0xFFDF,0xFFDF,0xFFDF,0xF7BE,0xEF5D,0xFFDF,0xFFDF,
  0xFFDF,0xFFDF,0xEF7D,0xFFDF,0xF7BE,0xFFDF,0xE73C,0x9492,0xFFFF,0xFFFF,0xFFFF,0xEF7D,
  0x4A69,0xF79E,0xFFFF,0xFFFF,0xFFFF,0xFFFF,0xFFFF,0xFFFF,0xFFDF,0xFFFF,0x7BCF,0x8C51,
  0xFFFF,0xFFDF,0xFFDF,0xFFFF,0xC638,0xCE79,0xFFFF,0xFFDF,0xFFDF,0xF79E,0xEF7E,0xFFDF,
  0xFFDF,0xFFDF,0xFFFF,0xF79E,0xFFDF,0xF7BE,0xF7DF,0xE71C,0x632C,0x5AEB,0x6B6D,0xCE99,
  0xF7DF,0xF79E,0xEF7D,0xFFDF,0xFFDF,0xFFFF,0xFFDF,0xEF7D,0xF7BE,0xF7BE,0xFFFF,0xF7BE,
  0xF7BE,0xF7BE,0xF7BE,0xFFFF,0xF7BE,0xF79E,0xF7BE,0xF7BE,0xFFDF,0xF77E,0xF7BE,0xFFDF,
  0xFFDF,0xFFDF,0xF7BE,0xF79E,0xFFDF,0xF7DF,0xFFDF,0xFFDF,0xF79E,0xFFFF,0xFFDF,0xFFDF,
  0xF7BE,0xEF7D,0xFFDF,0xFFDF,0xFFDF,0xFFDF,0xEF7D,0xFFDF,0xFFDF,0xFFDF,0xE73C,0xA4F3,
  0xFFFF,0xFFFF,0xFFFF,0xEF7D,0x4A69,0xF79E,0xFFFF,0xFFFF,0xFFFF,0xFFFF,0xFFFF,0xFFFF,
  0xFFDF,0xFFFF,0x7BCF,0x8430,0xFFFF,0xFFDF,0xFFDF,0xFFFF,0x6B6D,0x8C51,0xFFFF,0xFFDF,
  0xFFFF,0xFFFF,0xFFDF,0xFFFF,0xFFFF,0xFFFF,0xFFFF,0xFFDF,0xFFFF,0xFFDF,0xFFFF,0x5AEB,
  0x0000,0x0000,0x0000,0x7BCF,0xFFFF,0xFFDF,0xFFFF,0xFFFF,0xFFFF,0xFFFF,0xFFFF,0xFFDF,
  0xFFFF,0xFFFF,0xFFFF,0xFFFF,0xFFDF,0xFFFF,0xFFFF,0xFFFF,0xFFDF,0xFFDF,0xFFFF,0xFFFF,
  0xFFFF,0xFFDF,0xFFFF,0xFFFF,0xFFFF,0xFFFF,0xFFDF,0xFFDF,0xFFFF,0xFFFF,0xFFFF,0xFFFF,
  0xFFDF,0xFFFF,0xFFFF,0xFFFF,0xFFFF,0xFFDF,0xFFFF,0xFFFF,0xFFFF,0xFFFF,0xF7BE,0xFFFF,
  0xFFFF,0xFFFF,0xD6BA,0x4208,0xFFFF,0xFFFF,0xFFFF,0xEF7D,0x5269,0xF79E,0xFFFF,0xFFFF,
  0xFFFF,0xFFFF,0xFFFF,0xFFFF,0xFFDF,0xFFFF,0x7BCF,0x8430,0xFFFF,0xFFDF,0xFFDF,0xFFFF,
  0x7BCF,0x9472,0xFFFF,0xFFDF,0xFFFF,0xFFDF,0xFFDF,0xFFFF,0xFFFF,0xFFFF,0xFFFF,0xF7BE,
  0xFFDF,0xFFDF,0xFFFF,0x5ACB,0x0020,0x0841,0x0020,0x83F0,0xFFFF,0xFFDF,0xFFFF,0xFFFF,
  0xFFDF,0xFFFF,0xFFFF,0xFFDF,0xFFFF,0xFFFF,0xFFFF,0xFFDF,0xFFDF,0xFFFF,0xFFFF,0xFFFF,
  0xF7BE,0xFFDF,0xFFFF,0xFFFF,0xFFFF,0xFFDF,0xFFDF,0xFFFF,0xFFFF,0xFFFF,0xFFDF,0xFFDF,
  0xFFFF,0xFFFF,0xFFFF,0xFFDF,0xF7BE,0xFFFF,0xFFFF,0xFFFF,0xFFFF,0xFFDF,0xFFFF,0xFFFF,
  0xFFFF,0xFFFF,0xF7BE,0xFFDF,0xFFFF,0xFFFF,0xDEDB,0x52AA,0xFFFF,0xFFFF,0xFFFF,0xEF7D,
  0x4A69,0xF79E,0xFFFF,0xFFFF,0xFFFF,0xFFFF,0xFFFF,0xFFFF,0xFFDF,0xFFFF,0x7BCF,0x8430,
  0xFFFF,0xFFDF,0xFFDF,0xFFFF,0x6B6D,0x8C51,0xFFFF,0xFFDF,0xFFFF,0xFFDF,0xFFDF,0xFFFF,
  0xFFFF,0xFFFF,0xFFFF,0xF79E,0xFFDF,0xFFFF,0xFFFF,0x52AA,0x0000,0x0000,0x0000,0x7BCF,
  0xFFFF,0xFFFF,0xFFFF,0xFFFF,0xFFFF,0xFFFF,0xFFDF,0xFFDF,0xFFFF,0xFFFF,0xFFFF,0xF7BE,
  0xFFDF,0xFFFF,0xFFFF,0xFFFF,0xF7BE,0xF7BE,0xFFFF,0xFFFF,0xFFFF,0xFFDF,0xFFDF,0xFFFF,
  0xFFFF,0xFFFF,0xFFDF,0xFFDF,0xFFFF,0xFFFF,0xFFFF,0xFFDF,0xF7BE,0xFFFF,0xFFFF,0xFFFF,
  0xFFFF,0xFFDF,0xFFFF,0xFFFF,0xFFFF,0xFFDF,0xFFDF,0xFFFF,0xFFFF,0xFFFF,0xDEDB,0x4A49,
  0xFFFF,0xFFFF,0xFFFF,0xEF7D,0x4A69,0xF79E,0xFFFF,0xFFFF,0xFFFF,0xFFFF,0xFFFF,0xFFFF,
  0xFFDF,0xFFFF,0x7BCF,0x8430,0xFFFF,0xFFDF,0xFFDF,0xFFFF,0xAD75,0xBDD7,0xFFDF,0xF7BE,
  0xFFBE,0xEF7D,0xEF7D,0xFFFF,0xFFFF,0xFFDF,0xFFFF,0xEF5D,0xF7BF,0xFFDF,0xFFDF,0xCE59,
  0x4A69,0x4A8A,0x5AEB,0xB5B6,0xFFFF,0xE73C,0xDEFB,0xE73C,0xE73C,0xEF7D,0xF7BE,0xD6BA,
  0xE71C,0xE73C,0xE73C,0xF7BE,0xFFDF,0xE71C,0xE73C,0xE71C,0xEF7D,0xFFDF,0xE71C,0xE71C,
  0xE73C,0xEF7D,0xF7BE,0xFFDF,0xFFDF,0xFFDF,0xF79E,0xF79E,0xFFFF,0xFFDF,0xFFDF,0xF7BE,
  0xEF7D,0xFFDF,0xFFDF,0xFFFF,0xFFDF,0xF79E,0xFFFF,0xFFDF,0xFFDF,0xF7BE,0xEF7D,0xFFFF,
  0xF7BE,0xFFDF,0xE73C,0x9CF3,0xFFFF,0xFFDF,0xFFFF,0xEF7D,0x528A,0xF79E,0xFFFF,0xFFFF,
  0xFFFF,0xFFFF,0xFFFF,0xFFFF,0xFFDF,0xFFFF,0x7BCF,0x8430,0xFFFF,0xFFDF,0xFFFF,0xFFFF,
  0xBDD7,0xC618,0xF7BE,0xF79E,0xF7BE,0xEF7D,0xEF7D,0xFFFF,0xFFDF,0xFFDF,0xFFFF,0xEF5D,
  0xFFDF,0xF7BE,0xFFDF,0xA534,0x2965,0x2965,0x39C7,0x2965,0xB596,0x39E7,0x0841,0x10A2,
  0x0861,0x6B4D,0xAD75,0x0841,0x0861,0x1082,0x0861,0xBDF7,0x8C71,0x0861,0x10A2,0x0861,
  0x8410,0x9CF3,0x0841,0x0861,0x10A2,0xDEFB,0xFFDF,0xF7BE,0xF7BE,0xF7BE,0xF79E,0xF79E,
  0xFFDF,0xFFDF,0xFFDF,0xF7BE,0xEF5D,0xF7BE,0xFFDF,0xFFDF,0xFFDF,0xEF7D,0xFFDF,0xF7BE,
  0xFFDF,0xF7BE,0xEF5D,0xFFDF,0xF7BE,0xFFDF,0xE71C,0x9CD3,0xFFFF,0xFFFF,0xFFFF,0xEF7D,
  0x4A69,0xF79E,0xFFFF,0xFFFF,0xFFFF,0xFFFF,0xFFFF,0xFFFF,0xFFDF,0xFFFF,0x7BCF,0x8430,
  0xFFFF,0xFFDF,0xFFDF,0xFFFF,0x738E,0x9492,0xFFFF,0xFFDF,0xFFFF,0xFFDF,0xFFDF,0xFFFF,
  0xFFFF,0xFFFF,0xFFFF,0xFFFF,0xFFFF,0xFFDF,0xFFFF,0x4208,0x0000,0x0000,0x0000,0x0000,
  0x630C,0x2965,0x0000,0x0000,0x0000,0x39E7,0x5ACB,0x0000,0x0000,0x0000,0x0000,0x73AE,
  0x2104,0x0000,0x0000,0x0000,0x5ACB,0x39E7,0x0000,0x0000,0x0000,0x4A49,0xD6BA,0xFFFF,
  0xFFFF,0xFFFF,0xFFFF,0xFFDF,0xFFFF,0xFFFF,0xFFFF,0xFFFF,0xFFDF,0xFFFF,0xFFFF,0xFFFF,
  0xFFFF,0xFFDF,0xFFFF,0xFFFF,0xFFFF,0xFFFF,0xF7BE,0xFFFF,0xFFFF,0xFFFF,0xD6BA,0x39E7,
  0xFFFF,0xFFFF,0xFFFF,0xEF7D,0x4A69,0xF79E,0xFFFF,0xFFFF,0xFFFF,0xFFFF,0xFFFF,0xFFFF,
  0xFFDF,0xFFFF,0x7BCF,0x8430,0xFFFF,0xFFDF,0xFFDF,0xFFFF,0x7BEF,0x9CD3,0xFFFF,0xFFDF,
  0xFFFF,0xFFDF,0xF79E,0xFFFF,0xFFFF,0xFFFF,0xFFFF,0xFFDF,0xFFFF,0xFFFF,0xFFFF,0xC638,
  0x4228,0x0000,0x0000,0x0000,0x6B4D,0x2945,0x0000,0x0000,0x0000,0x39E7,0x6B4D,0x0000,
  0x0000,0x0000,0x0000,0x8430,0x2945,0x0000,0x0000,0x0000,0x630C,0x4228,0x0000,0x0000,
  0x0000,0x0000,0xB576,0xFFFF,0xFFFF,0xFFFF,0xFFDF,0xFFDF,0xFFFF,0xFFFF,0xFFFF,0xFFDF,
  0xFFDF,0xFFFF,0xFFFF,0xFFFF,0xFFFF,0xF7BE,0xFFFF,0xFFFF,0xFFFF,0xFFDF,0xF7BE,0xFFFF,
  0xFFFF,0xFFFF,0xDEDB,0x4A69,0xFFFF,0xFFFF,0xFFFF,0xEF7D,0x4A69,0xF79E,0xFFFF,0xFFFF,
  0xFFFF,0xFFFF,0xFFFF,0xFFFF,0xFFDF,0xFFFF,0x7BCF,0x8430,0xFFFF,0xFFDF,0xFFDF,0xFFFF,
  0x6B6D,0x8C72,0xFFFF,0xFFDF,0xFFFF,0xFFDF,0xF7BE,0xFFFF,0xFFFF,0xFFFF,0xFFFF,0xF7BE,
  0xFFDF,0xFFFF,0xFFFF,0xFFFF,0xF7BE,0x6B4D,0x4A49,0x4A49,0xC618,0x8C71,0x18E3,0x39C7,
  0x3186,0x8410,0x9CF3,0x2945,0x4A69,0x4228,0x4208,0xCE59,0xA535,0x4A49,0x52AA,0x4A49,
  0xA534,0x9492,0x18E3,0x1061,0x0861,0x2104,0xD69A,0xFFFF,0xFFDF,0xFFFF,0xFFDF,0xFFDF,
  0xFFFF,0xFFFF,0xFFFF,0xFFDF,0xFFDF,0xFFFF,0xFFFF,0xFFFF,0xFFDF,0xF7BE,0xFFFF,0xFFFF,
  0xFFFF,0xFFFF,0xFFDF,0xFFFF,0xFFFF,0xFFFF,0xD6BA,0x4208,0xFFFF,0xFFFF,0xFFFF,0xEF7D,
  0x528A,0xF79E,0xFFFF,0xFFFF,0xFFFF,0xFFFF,0xFFFF,0xFFFF,0xFFDF,0xFFFF,0x7BCF,0x8430,
  0xFFFF,0xFFDF,0xFFDF,0xFFFF,0xB596,0xBDF7,0xFFFF,0xFFDF,0xFFFF,0xF7BE,0xF7BE,0xFFFF,
  0xFFFF,0xFFDF,0xFFDF,0xEF7D,0xF7BE,0xFFDF,0xFFFF,0xFFDF,0xF79E,0xFFDF,0xFFFF,0xFFFF,
  0xFFFF,0xFFDF,0xEF5D,0xFFFF,0xFFDF,0xFFFF,0xF79E,0xE73C,0xFFFF,0xFFFF,0xFFFF,0xF79E,
  0xFFFF,0xFFFF,0xFFFF,0xFFFF,0xF79E,0xFFFF,0xC618,0x632C,0x632C,0x9492,0xFFFF,0xFFFF,
  0xFFDF,0xFFDF,0xF7BE,0xF7BE,0xFFFF,0xFFDF,0xFFFF,0xFFDF,0xF79E,0xFFFF,0xFFDF,0xFFDF,
  0xF7BE,0xEF7D,0xFFDF,0xFFFF,0xFFFF,0xFFDF,0xF79E,0xFFFF,0xF7BE,0xFFDF,0xE73C,0x9CD3,
  0xFFFF,0xFFFF,0xFFFF,0xEF7D,0x528A,0xF79E,0xFFFF,0xFFFF,0xFFFF,0xFFFF,0xFFFF,0xFFFF,
  0xFFDF,0xFFFF,0x7BCF,0x8430,0xFFFF,0xFFDF,0xFFFF,0xFFFF,0xC639,0xCE59,0xF7BE,0xF79E,
  0xFFDF,0xF79E,0xEF7D,0xFFDF,0xFFDF,0xF7BE,0xFFDF,0xE71C,0xF7BE,0xFFDF,0xFFDF,0xFFDF,
  0xEF5D,0xEF7D,0xFFDF,0xF7BE,0xFFDF,0xFFDF,0xFFFF,0xFFFF,0xFFDF,0xFFDF,0xF79E,0xEF5D,
  0xFFFF,0xFFDF,0xFFDF,0xEF5D,0xEF7D,0xF79E,0xF7BE,0xFFDF,0xE75C,0xF7BE,0x632C,0x0000,
  0x0000,0x0020,0xC618,0xFFFF,0xF7BE,0xFFDF,0xEF5D,0xEF5D,0xF7BE,0xFFDF,0xFFDF,0xF7BE,
  0xEF7D,0xFFDF,0xF7BE,0xFFDF,0xF7BE,0xE71C,0xFFDF,0xFFDF,0xFFDF,0xF7BE,0xEF5D,0xFFDF,
  0xF7BE,0xFFDF,0xE73C,0x9CF3,0xFFFF,0xFFFF,0xFFFF,0xEF7D,0x4A69,0xF79E,0xFFFF,0xFFFF,
  0xFFFF,0xFFFF,0xFFFF,0xFFFF,0xFFDF,0xFFFF,0x73AF,0x8430,0xFFFF,0xFFDF,0xFFDF,0xFFFF,
  0x6B6D,0x8C51,0xFFFF,0xFFDF,0xFFFF,0xFFFF,0xFFFF,0xFFFF,0xFFFF,0xFFFF,0xFFFF,0xFFDF,
  0xFFFF,0xFFFF,0xFFFF,0xFFFF,0xFFDF,0xFFFF,0xFFFF,0xFFFF,0xFFFF,0xFFFF,0xFFFF,0xFFFF,
  0xFFFF,0xFFFF,0xFFFF,0xFFDF,0xFFFF,0xFFFF,0xFFFF,0xFFFF,0xFFDF,0xFFFF,0xFFFF,0xFFFF,
  0xFFDF,0xFFFF,0x5ACA,0x0000,0x0841,0x0000,0xBDD7,0xFFFF,0xFFFF,0xFFFF,0xFFDF,0xF7BE,
  0xFFFF,0xFFFF,0xFFFF,0xFFFF,0xFFDF,0xFFFF,0xFFFF,0xFFFF,0xFFFF,0xFFDF,0xFFFF,0xFFFF,
  0xFFFF,0xFFFF,0xFFDF,0xFFFF,0xFFFF,0xFFFF,0xD6BA,0x41E8,0xFFFF,0xFFFF,0xFFFF,0xEF7D,
  0x5269,0xF79E,0xFFFF,0xFFFF,0xFFFF,0xFFFF,0xFFFF,0xFFFF,0xFFDF,0xFFFF,0x73CE,0x8430,
  0xFFFF,0xFFDF,0xFFDF,0xFFFF,0x7BEF,0x9492,0xFFFF,0xFFDF,0xFFFF,0xFFDF,0xF7BE,0xFFFF,
  0xFFFF,0xFFFF,0xFFFF,0xFFDF,0xFFFF,0xFFFF,0xFFFF,0xFFFF,0xF7BE,0xFFDF,0xFFFF,0xFFFF,
  0xFFFF,0xFFFF,0xFFFF,0xFFFF,0xFFFF,0xFFFF,0xFFFF,0xFFDF,0xFFFF,0xFFFF,0xFFFF,0xFFFF,
  0xFFFF,0xFFFF,0xFFFF,0xFFFF,0xFFDF,0xFFFF,0x4A69,0x0000,0x0000,0x0000,0xB5B6,0xFFFF,
  0xFFDF,0xFFFF,0xFFDF,0xFFDF,0xFFFF,0xFFFF,0xFFFF,0xFFFF,0xFFDF,0xFFFF,0xFFFF,0xFFFF,
  0xFFFF,0xFFDF,0xFFFF,0xFFFF,0xFFFF,0xFFFF,0xF7BE,0xFFFF,0xFFFF,0xFFFF,0xDEDB,0x528A,
  0xFFFF,0xFFFF,0xFFFF,0xEF7D,0x5289,0xF79E,0xFFFF,0xFFFF,0xFFFF,0xFFFF,0xFFFF,0xFFFF,
  0xFFDF,0xFFFF,0x73AE,0x8430,0xFFFF,0xFFDF,0xFFDF,0xFFFF,0x738E,0x8C71,0xFFFF,0xFFDF,
  0xFFFF,0xF7BE,0xF79E,0xFFFF,0xFFFF,0xFFFF,0xFFFF,0xFFDF,0xFFFF,0xFFFF,0xFFFF,0xFFFF,
  0xFFDF,0xFFDF,0xFFFF,0xFFFF,0xFFFF,0xFFFF,0xFFFF,0xFFFF,0xFFFF,0xFFFF,0xFFDF,0xF7BE,
  0xFFDF,0xFFFF,0xFFDF,0xFFDF,0xFFDF,0xFFFF,0xFFFF,0xFFDF,0xF7BE,0xFFDF,0xA534,0x39C7,
  0x39C7,0x528A,0xEF5D,0xFFFF,0xFFFF,0xFFFF,0xFFDF,0xFFDF,0xFFFF,0xFFFF,0xFFFF,0xFFDF,
  0xF7BE,0xFFFF,0xFFFF,0xFFFF,0xFFFF,0xFFDF,0xFFFF,0xFFFF,0xFFFF,0xFFFF,0xFFDF,0xFFFF,
  0xFFFF,0xFFFF,0xD69A,0x4208,0xFFFF,0xFFFF,0xFFFF,0xEF7D,0x4A69,0xF79E,0xFFFF,0xFFFF,
  0xFFFF,0xFFFF,0xFFFF,0xFFFF,0xFFDF,0xFFFF,0x7BCF,0x8430,0xFFFF,0xFFDF,0xFFFF,0xFFFF,
  0xAD55,0xBDD7,0xFFFF,0xFFDF,0xFFFF,0xF7BE,0xF79E,0xFFDF,0xFFDF,0xFFFF,0xFFFF,0xF7BE,
  0xFFFF,0xFFDF,0xFFDF,0xFFFF,0xF7BE,0xF7BE,0xFFDF,0xFFFF,0xFFFF,0xFFDF,0xFFDF,0xFFFF,
  0xFFDF,0xFFFF,0xFFFF,0xFFFF,0xFFFF,0xFFDF,0xFFFF,0xFFFF,0xFFFF,0xFFFF,0xFFFF,0xFFFF,
  0xFFFF,0xFFFF,0xA514,0x528A,0x52AA,0x5ACB,0xDEDB,0xFFFF,0xFFDF,0xFFDF,0xF7BE,0xFFDF,
  0xFFFF,0xFFFF,0xFFDF,0xFFDF,0xF7BE,0xFFFF,0xFFFF,0xFFFF,0xFFDF,0xF7BE,0xFFFF,0xFFDF,
  0xFFFF,0xFFFF,0xF7BE,0xFFDF,0xFFDF,0xFFFF,0xE71C,0x9492,0xFFFF,0xFFFF,0xFFFF,0xEF7D,
  0x4A69,0xF79E,0xFFFF,0xFFFF,0xFFFF,0xFFFF,0xFFFF,0xFFFF,0xFFDF,0xFFFF,0x7BCF,0x8430,
  0xFFFF,0xFFDF,0xFFFF,0xFFFF,0xB5B6,0xC618,0xFFDF,0xF7BE,0xFFDF,0xEF7D,0xEF5D,0xFFDF,
  0xF7BE,0xF7BE,0xFFFF,0xE73C,0xF7BE,0xF7BE,0xFFDF,0xFFDF,0xEF5D,0xEF5D,0xF7BE,0xF7BE,
  0xFFDF,0xF79E,0xF79E,0xFFDF,0xFFFF,0xA534,0x94B2,0x94B2,0xB5B6,0xFFDF,0xA534,0x9492,
  0x9492,0xCE59,0xEF7D,0x94B2,0x8C51,0xB596,0x39E7,0x0000,0x0000,0x0000,0xB596,0xFFFF,
  0xF79E,0xF79E,0xEF5D,0xEF7D,0xFFDF,0xFFDF,0xF7BE,0xF79E,0xEF5D,0xFFDF,0xF7BE,0xFFDF,
  0xF7BE,0xE73C,0xF7BE,0xF7BE,0xFFDF,0xFFDF,0xE73C,0xF7BE,0xF7BE,0xFFDF,0xEF5C,0xA534,
  0xFFFF,0xFFFF,0xFFFF,0xEF7D,0x4A69,0xF79E,0xFFFF,0xFFFF,0xFFFF,0xFFFF,0xFFFF,0xFFFF,
  0xFFDF,0xFFFF,0x7BCF,0x8430,0xFFFF,0xFFDF,0xFFDF,0xFFFF,0x6B6D,0x8C71,0xFFFF,0xFFDF,
  0xFFFF,0xFFFF,0xFFDF,0xFFFF,0xFFFF,0xFFFF,0xFFFF,0xF7BE,0xFFDF,0xFFFF,0xFFFF,0xFFFF,
  0xFFDF,0xF7BE,0xFFFF,0xFFFF,0xFFFF,0xFFFF,0xFFDF,0xFFFF,0xAD75,0x0841,0x0000,0x0000,
  0x2104,0xA514,0x0000,0x0000,0x0000,0x5AEB,0x738E,0x0000,0x0000,0x2965,0x5AEB,0x0020,
  0x0841,0x0000,0xBDF7,0xFFFF,0xFFDF,0xFFDF,0xF7BE,0xFFDF,0xFFFF,0xFFFF,0xFFFF,0xFFBF,
  0xF7BE,0xFFFF,0xFFFF,0xFFFF,0xFFFF,0xF7BE,0xFFDF,0xFFFF,0xFFFF,0xFFFF,0xF7BE,0xFFFF,
  0xFFFF,0xFFFF,0xDEDB,0x4A49,0xFFFF,0xFFDF,0xFFFF,0xEF7D,0x4A69,0xF79E,0xFFFF,0xFFFF,
  0xFFFF,0xFFFF,0xFFFF,0xFFFF,0xFFDF,0xFFFF,0x7BCF,0x8430,0xFFFF,0xFFDF,0xFFDF,0xFFFF,
  0x7BEF,0x94B2,0xFFFF,0xFFDF,0xFFFF,0xFFDF,0xFFDF,0xFFFF,0xFFFF,0xFFFF,0xFFDF,0xF79E,
  0xFFDF,0xFFFF,0xFFFF,0xFFFF,0xF7BE,0xF7BE,0xFFFF,0xFFFF,0xFFFF,0xFFDF,0xFFDF,0xFFFF,
  0x5ACB,0x0000,0x0000,0x0000,0x2104,0x8430,0x0000,0x0000,0x0000,0x52AA,0x52AA,0x0000,
  0x0000,0x2965,0x4A69,0x0000,0x0000,0x6B6D,0xEF5D,0xFFFF,0xFFFF,0xFFFF,0xF7BE,0xF7BE,
  0xFFFF,0xFFFF,0xFFFF,0xFFBE,0xF7BE,0xFFFF,0xFFFF,0xFFFF,0xFFFF,0xF79E,0xFFFF,0xFFFF,
  0xFFFF,0xFFDF,0xF7BE,0xFFFF,0xFFFF,0xFFFF,0xDEDB,0x52AA,0xFFFF,0xFFFF,0xFFFF,0xEF7D,
  0x5269,0xF79E,0xFFFF,0xFFFF,0xFFFF,0xFFFF,0xFFFF,0xFFFF,0xFFDF,0xFFFF,0x7BCF,0x8430,
  0xFFFF,0xFFDF,0xFFDF,0xFFFF,0x6B8D,0x8C51,0xFFFF,0xFFDF,0xFFFF,0xFFDF,0xF7BE,0xFFFF,
  0xFFFF,0xFFFF,0xFFFF,0xF79E,0xFFFF,0xFFFF,0xFFFF,0xFFFF,0xFFDF,0xFFDF,0xFFFF,0xFFFF,
  0xFFFF,0xFFFF,0xF7BE,0xFFFF,0xFFDF,0x31A6,0x10A2,0x18C3,0x39E7,0x9CF3,0x18C3,0x2124,
  0x18C3,0x6B4D,0x738E,0x10A2,0x18C3,0x4A49,0xBDB7,0x2104,0x18E3,0xE73C,0xFFFF,0xFFFF,
  0xFFFF,0xFFFF,0xFFDF,0xFFDF,0xFFFF,0xFFFF,0xFFFF,0xFFDF,0xF7BE,0xFFFF,0xFFFF,0xFFFF,
  0xFFFF,0xF79E,0xFFFF,0xFFFF,0xFFFF,0xFFFF,0xF7BE,0xFFFF,0xFFFF,0xFFFF,0xD69A,0x4208,
  0xFFFF,0xFFFF,0xFFFF,0xEF7D,0x4A69,0xF79E,0xFFFF,0xFFFF,0xFFFF,0xFFFF,0xFFFF,0xFFFF,
  0xFFDF,0xFFFF,0x7BCF,0x8430,0xFFFF,0xFFDF,0xFFFF,0xFFFF,0xBDD7,0xC638,0xFFFF,0xFFDF,
  0xFFDF,0xF7BE,0xF7BE,0xFFFF,0xFFFF,0xFFFF,0xFFFF,0xF79E,0xFFFF,0xFFFF,0xFFDF,0xFFFF,
  0xFFDF,0xFFDF,0xFFFF,0xFFDF,0xFFFF,0xFFDF,0xF7BE,0xFFFF,0xF7BF,0xEF7D,0xEF5D,0xEF5D,
  0xF79E,0xFFDF,0xF79E,0xEF7D,0xEF7D,0xF79E,0xF79E,0xEF5D,0xE73C,0xF79E,0xFFFF,0xEF9D,
  0xEF7D,0xF7BE,0xFFDF,0xFFDF,0xFFDF,0xFFFF,0xFFDF,0xFFDF,0xFFDF,0xFFDF,0xFFFF,0xFFFF,
  0xFFDF,0xFFFF,0xFFDF,0xFFDF,0xFFDF,0xF7BE,0xFFFF,0xFFFF,0xFFDF,0xFFFF,0xF7BE,0xFFFF,
  0xFFFF,0xFFFF,0xE73C,0xA514,0xFFFF,0xFFFF,0xFFFF,0xEF7D,0x4A69,0xF79E,0xFFFF,0xFFFF,
  0xFFFF,0xFFFF,0xFFFF,0xFFFF,0xFFDF,0xFFFF,0x7BCF,0x8430,0xFFFF,0xFFDF,0xFFFF,0xFFFF,
  0x9CF3,0xB596,0xFFFF,0xF79E,0xF79E,0xEF5D,0xEF5D,0xFFDF,0xFFDF,0xF7BE,0xFFDF,0xE71C,
  0xF7BE,0xF79E,0xF79E,0xFFDF,0xEF5D,0xEF7D,0xFFDF,0xF7BE,0xF7BE,0xF79E,0xEF5D,0xFFDF,
  0xF79E,0xFFDF,0xF7BE,0xEF7D,0xFFDF,0xF7BE,0xFFFF,0xF79E,0xF7BE,0xF7BE,0xF79E,0xFFDF,
  0xEF5D,0xF79E,0xFFDF,0xF7BE,0xFFDF,0xEF7D,0xF79E,0xF7BE,0xF79E,0xFFDF,0xEF7D,0xEF5D,
  0xF7BE,0xF79E,0xFFDF,0xF7BE,0xEF7D,0xFFDF,0xF79E,0xF79E,0xF79E,0xEF5D,0xFFDF,0xF7BE,
  0xF79E,0xF7BE,0xEF5D,0xFFDF,0xF7BE,0xFFDF,0xDEFB,0x73AE,0xFFFF,0xFFDF,0xFFFF,0xEF7D,
  0x4A69,0xF79E,0xFFFF,0xFFFF,0xFFFF,0xFFFF,0xFFFF,0xFFFF,0xFFDF,0xFFFF,0x7BCF,0x8430,
  0xFFFF,0xFFDF,0xFFDF,0xFFFF,0x738E,0x8C71,0xFFFF,0xFFDF,0xFFFF,0xFFDF,0xFFDF,0xFFFF,
  0xFFFF,0xFFFF,0xFFFF,0xFFDF,0xFFFF,0xFFFF,0xFFDF,0xFFFF,0xFFDF,0xFFDF,0xFFFF,0xFFFF,
  0xFFFF,0xFFDF,0xF7BE,0xFFFF,0xFFFF,0xFFFF,0xFFFF,0xFFFF,0xFFFF,0xFFDF,0xFFFF,0xFFFF,
  0xFFFF,0xFFFF,0xFFDF,0xFFFF,0xFFDF,0xFFFF,0xFFFF,0xFFDF,0xFFFF,0xFFDF,0xFFDF,0xFFFF,
  0xFFFF,0xFFFF,0xFFDF,0xFFDF,0xFFDF,0xFFDF,0xFFFF,0xFFFF,0xFFFF,0xFFFF,0xFFDF,0xFFDF,
  0xFFFF,0xFFDF,0xFFFF,0xFFFF,0xFFFF,0xFFFF,0xFFDF,0xFFFF,0xFFDF,0xFFFF,0xDEDB,0x4A49,
  0xFFDF,0xFFDF,0xFFFF,0xEF7D,0x4A69,0xF79E,0xFFFF,0xFFFF,0xFFFF,0xFFFF,0xFFFF,0xFFFF,
  0xFFDF,0xFFFF,0x7BCF,0x8430,0xFFFF,0xFFDF,0xFFDF,0xFFFF,0x738E,0x94B2,0xFFFF,0xFFDF,
  0xFFFF,0xFFDF,0xFFDF,0xFFFF,0xFFFF,0xFFFF,0xFFFF,0xFFDF,0xFFFF,0xFFFF,0xFFFF,0xFFFF,
  0xFFDF,0xFFDF,0xFFFF,0xFFFF,0xFFFF,0xFFBF,0xF79E,0xFFFF,0xFFFF,0xFFFF,0xFFFF,0xFFDF,
  0xFFFF,0xFFFF,0xFFFF,0xFFDF,0xFFDF,0xFFFF,0xFFFF,0xFFFF,0xFFDF,0xFFDF,0xFFFF,0xFFFF,
  0xFFFF,0xFFDF,0xFFDF,0xFFFF,0xFFFF,0xFFFF,0xFFDF,0xF7BF,0xFFFF,0xFFFF,0xFFFF,0xFFFF,
  0xFFDF,0xFFFF,0xFFFF,0xFFFF,0xFFFF,0xFFDF,0xFFFF,0xFFFF,0xFFFF,0xFFFF,0xF79E,0xFFDF,
  0xFFDF,0xFFFF,0xE73C,0x5269,0xFFFF,0xFFFF,0xFFFF,0xEF7D,0x4A69,0xF79E,0xFFFF,0xFFFF,
  0xFFFF,0xFFFF,0xFFFF,0xFFFF,0xFFDF,0xFFFF,0x7BCF,0x8430,0xFFFF,0xFFDF,0xFFDF,0xFFFF,
  0x9492,0x7BCF,0xF7BE,0xFFFF,0xFFFF,0xFFDF,0xF7BE,0xFFDF,0xFFDF,0xFFFF,0xFFFF,0xF7BE,
  0xFFDF,0xFFFF,0xFFFF,0xFFFF,0xF7BE,0xF7BE,0xFFFF,0xFFFF,0xFFFF,0xF7BE,0xEF7E,0xFFDF,
  0xFFFF,0xFFFF,0xFFDF,0xF7BE,0xFFFF,0xFFDF,0xFFDF,0xF79E,0xF7BE,0xFFFF,0xFFFF,0xFFFF,
  0xF7BE,0xF7BE,0xFFDF,0xFFFF,0xFFFF,0xF7BE,0xF7BE,0xFFFF,0xFFFF,0xFFFF,0xF7BE,0xF79E,
  0xFFDF,0xFFFF,0xFFFF,0xFFDE,0xF79E,0xFFFF,0xFFFF,0xFFFF,0xFFDF,0xF7BE,0xFFDF,0xFFFF,
  0xFFFF,0xFFDF,0xF79E,0xFFDF,0xFFFF,0xFFFF,0xBDD7,0x6B4D,0xFFFF,0xFFFF,0xFFFF,0xEF7D,
  0x4A69,0xF79E,0xFFFF,0xFFFF,0xFFFF,0xFFFF,0xFFFF,0xFFFF,0xFFDF,0xFFFF,0x7BCF,0x8430,
  0xFFFF,0xFFDF,0xFFFF,0xFFFF,0xFFFF,0x52CB,0xB596,0xFFFF,0xFFFF,0xFFFF,0xFFFF,0xFFFF,
  0xFFFF,0xFFFF,0xFFFF,0xFFFF,0xFFFF,0xFFFF,0xFFFF,0xFFFF,0xFFFF,0xFFFF,0xFFFF,0xFFFF,
  0xFFFF,0xFFFF,0xFFFF,0xFFFF,0xFFFF,0xFFFF,0xFFFF,0xFFFF,0xFFFF,0xFFFF,0xFFFF,0xFFFF,
  0xFFFF,0xFFFF,0xFFFF,0xFFFF,0xFFFF,0xFFFF,0xFFFF,0xFFFF,0xFFFF,0xFFFF,0xFFFF,0xFFFF,
  0xFFFF,0xFFFF,0xFFFF,0xFFFF,0xFFFF,0xFFFF,0xFFFF,0xFFFF,0xFFFF,0xFFFF,0xFFFF,0xFFFF,
  0xFFFF,0xFFFF,0xFFFF,0xFFFF,0xFFFF,0xFFFF,0xFFFF,0xFFFF,0xFFFF,0xEF5D,0x52AA,0xD6BA,
  0xFFFF,0xFFFF,0xFFFF,0xEF7D,0x4A69,0xF79E,0xFFFF,0xFFFF,0xFFFF,0xFFFF,0xFFFF,0xFFFF,
  0xFFDF,0xFFFF,0x7BCF,0x8430,0xFFFF,0xFFDF,0xFFFF,0xFFFF,0xFFFF,0xEF5D,0x630B,0x6B6D,
  0xB5D7,0xAD75,0xAD75,0xAD96,0xD6BA,0xCE59,0xB5B6,0xAD75,0xAD95,0xCE79,0xDEFB,0xB5B6,
  0xAD75,0xAD55,0xBDD7,0xDEFB,0xB5B6,0xB596,0xAD75,0xBDF7,0xE6FC,0xB5B6,0xAD75,0xAD54,
  0xB5B6,0xD6BA,0xB5B6,0xB596,0xB596,0xBDF7,0xDEFB,0xB5B6,0xAD75,0xAD55,0xB5D7,0xDEDB,
  0xB5B6,0xAD75,0xAD75,0xBDF7,0xE73C,0xB5B6,0xAD55,0xAD75,0xB5B6,0xDEFB,0xB5B6,0xAD75,
  0xAD75,0xB5B6,0xDEFB,0xC638,0xB596,0xAD55,0xAD75,0xCE79,0xC638,0xB596,0xAD55,0xB5B6,
  0x94B2,0x4A49,0xBDF7,0xFFFF,0xFFDF,0xFFFF,0xFFFF,0xEF7D,0x4A69,0xF79E,0xFFFF,0xFFFF,
  0xFFFF,0xFFFF,0xFFFF,0xFFFF,0xFFDF,0xFFFF,0x7BCF,0x8430,0xFFFF,0xFFDF,0xFFFF,0xFFFF,
  0xFFFF,0xFFFF,0xF7BE,0xBDF7,0x632C,0x6B6D,0x6B6D,0x632C,0xB596,0x9492,0x6B4D,0x6B6D,
  0x632C,0x9CD3,0xBDD7,0x632C,0x6B6D,0x6B4D,0x7BCF,0xBDD7,0x6B4D,0x6B6D,0x6B6D,0x73AE,
  0xBDD7,0x6B4D,0x630C,0x632C,0x6B6D,0xB596,0x738E,0x6B6D,0x6B6D,0x7BCF,0xB5B6,0x6B4D,
  0x6B4D,0x632C,0x73AE,0xB5B6,0x632C,0x6B4D,0x6B4D,0x7BCF,0xC638,0x6B6D,0x6B4D,0x6B6D,
  0x6B6D,0xC618,0x738E,0x632C,0x6B6D,0x6B4D,0xB5B6,0x8430,0x6B4D,0x6B4D,0x630C,0xA534,
  0x8C51,0x632C,0x6B6D,0x6B4D,0x94B2,0xF7BE,0xFFFF,0xFFFF,0xFFFF,0xFFFF,0xFFFF,0xEF7D,
  0x4A69,0xF79E,0xFFFF,0xFFFF,0xFFFF,0xFFFF,0xFFFF,0xFFFF,0xFFDF,0xFFFF,0x7BCF,0x8430,
  0xFFFF,0xFFFF,0xFFFF,0xFFFF,0xFFFF,0xFFFF,0xFFFF,0xFFFF,0xFFFF,0xFFFF,0xFFFF,0xFFFF,
  0xFFFF,0xFFFF,0xFFFF,0xFFFF,0xFFFF,0xFFFF,0xFFFF,0xFFFF,0xFFFF,0xFFFF,0xFFFF,0xFFFF,
  0xFFFF,0xFFFF,0xFFFF,0xFFFF,0xFFFF,0xFFFF,0xFFFF,0xFFFF,0xFFFF,0xFFFF,0xFFFF,0xFFFF,
  0xFFFF,0xFFFF,0xFFFF,0xFFFF,0xFFFF,0xFFFF,0xFFFF,0xFFFF,0xFFFF,0xFFFF,0xFFFF,0xFFFF,
  0xFFFF,0xFFFF,0xFFFF,0xFFFF,0xFFFF,0xFFFF,0xFFFF,0xFFFF,0xFFFF,0xFFFF,0xFFFF,0xFFFF,
  0xFFFF,0xFFFF,0xFFFF,0xFFFF,0xFFFF,0xFFFF,0xFFFF,0xFFFF,0xFFFF,0xFFFF,0xFFFF,0xFFFF,
  0xFFFF,0xFFFF,0xFFFF,0xEF5D,0x4A69,0xF79E,0xFFFF,0xFFFF,0xFFFF,0xFFFF,0xFFFF,0xFFFF,
  0xFFDF,0xFFFF,0x7BCF,0x8C51,0xFFDF,0xE71C,0xE73C,0xE73C,0xE73C,0xE73C,0xE73C,0xE73C,
  0xE71C,0xE71C,0xE71C,0xE71C,0xE71C,0xE71C,0xE71C,0xE71C,0xE71C,0xE71C,0xE71C,0xE71C,
  0xE71C,0xE71C,0xE71C,0xE71C,0xE71C,0xE71C,0xE71C,0xDF1B,0xE71C,0xE71C,0xE71C,0xE71C,
  0xE71C,0xE73C,0xE71C,0xE71C,0xE71C,0xE71C,0xE71C,0xDEFB,0xDEFB,0xDEFB,0xE71C,0xE73C,
  0xE71C,0xE71C,0xE71C,0xDEFB,0xE71B,0xE71C,0xE71C,0xE71C,0xE71C,0xE73C,0xE71C,0xDEFB,
  0xE71B,0xE71C,0xE71C,0xE71C,0xE71C,0xE71C,0xE71C,0xE71C,0xE71C,0xE71C,0xE71C,0xE71C,
  0xE71C,0xE71C,0xE71C,0xE71C,0xE73C,0xE71C,0xEF7D,0xEF7D,0x4A69,0xF79E,0xFFFF,0xFFFF,
  0xFFFF,0xFFFF,0xFFFF,0xFFFF,0xFFDF,0xFFFF,0x7BCF,0x8C71,0xE71C,0x9CF3,0xA534,0xA514,
  0xA514,0xA514,0xA514,0xA514,0xA514,0xA514,0xA514,0xA514,0xA514,0xA514,0xA514,0xA514,
  0xA514,0xA514,0xA514,0xA514,0xA514,0xA514,0xA514,0xA514,0xA514,0xA514,0xA514,0xA514,
  0xA514,0xA514,0xA534,0xA534,0xA534,0xA534,0xA534,0xA514,0xA514,0xA514,0xA514,0xA514,
  0xA514,0xA514,0xA514,0xA534,0xA534,0xA514,0xA514,0xA514,0xA514,0xA534,0xA534,0xA534,
  0xA534,0xA514,0xA514,0xA514,0xA514,0xA514,0xA514,0xA514,0xA514,0xA514,0xA514,0xA514,
  0xA514,0xA514,0xA514,0xA514,0xA514,0xA514,0xA514,0xA514,0xA514,0xA514,0xB5B7,0xEF7D,
  0x528A,0xF79E,0xFFFF,0xFFFF,0xFFFF,0xFFFF,0xFFFF,0xFFFF,0xFFDF,0xFFFF,0x7BCF,0x8C51,
  0xFFFF,0xFFFF,0xFFFF,0xFFFF,0xFFFF,0xFFFF,0xFFFF,0xFFFF,0xFFFF,0xFFFF,0xFFFF,0xFFFF,
  0xFFFF,0xFFFF,0xFFFF,0xFFFF,0xFFFF,0xFFFF,0xFFFF,0xFFFF,0xFFFF,0xFFFF,0xFFFF,0xFFFF,
  0xFFFF,0xFFFF,0xFFFF,0xFFFF,0xFFFF,0xFFFF,0xFFFF,0xFFFF,0xFFFF,0xFFFF,0xFFFF,0xFFFF,
  0xFFFF,0xFFFF,0xFFFF,0xFFFF,0xFFFF,0xFFFF,0xFFFF,0xFFFF,0xFFFF,0xFFFF,0xFFFF,0xFFFF,
  0xFFFF,0xFFFF,0xFFFF,0xFFFF,0xFFFF,0xFFFF,0xFFFF,0xFFFF,0xFFFF,0xFFFF,0xFFFF,0xFFFF,
  0xFFFF,0xFFFF,0xFFFF,0xFFFF,0xFFFF,0xFFFF,0xFFFF,0xFFFF,0xFFFF,0xFFFF,0xFFFF,0xFFFF,
  0xFFFF,0xFFFF,0xFFFF,0xEF5D,0x4A69,0xF79E,0xFFFF,0xFFFF,0xFFFF,0xFFFF,0xFFFF,0xFFFF,
  0xFFDF,0xFFFF,0x7BCF,0x8430,0xFFFF,0xFFDF,0xFFFF,0xFFFF,0xFFFF,0xFFFF,0xFFFF,0xFFFF,
  0xFFFF,0xFFFF,0xFFFF,0xFFFF,0xFFFF,0xFFFF,0xFFFF,0xFFFF,0xFFFF,0xFFFF,0xFFDF,0xFFDF,
  0xFFFF,0xFFFF,0xFFFF,0xFFFF,0xFFFF,0xFFFF,0xFFFF,0xFFFF,0xFFFF,0xFFFF,0xFFFF,0xFFFF,
  0xFFDF,0xFFFF,0xFFFF,0xFFFF,0xFFFF,0xFFFF,0xFFFF,0xFFFF,0xFFFF,0xFFFF,0xFFFF,0xFFDF,
  0xFFFF,0xFFDF,0xFFFF,0xFFFF,0xFFFF,0xFFFF,0xFFFF,0xFFDF,0xFFDF,0xFFFF,0xFFFF,0xFFFF,
  0xFFFF,0xFFFF,0xFFFF,0xFFFF,0xFFFF,0xFFFF,0xFFFF,0xFFFF,0xFFFF,0xFFFF,0xFFFF,0xFFFF,
  0xFFFF,0xFFFF,0xFFFF,0xFFFF,0xFFFF,0xFFFF,0xFFFF,0xEF5D,0x4A49,0xF79E,0xFFFF,0xFFFF,
  0xFFFF,0xFFFF,0xFFFF,0xFFFF,0xFFDF,0xFFFF,0x7BCF,0x8430,0xFFFF,0xFFDF,0xFFFF,0xFFFF,
  0xFFFF,0xFFFF,0xFFFF,0xFFFF,0xFFFF,0xFFFF,0xFFFF,0xFFFF,0xFFFF,0xFFFF,0xFFFF,0xFFFF,
  0xFFFF,0xFFFF,0xFFFF,0xFFFF,0xFFFF,0xFFFF,0xFFFF,0xFFFF,0xFFFF,0xFFFF,0xB596,0x634D,
  0xC638,0xA514,0xE73C,0xAD95,0xD69A,0xAD75,0x632C,0xE75C,0xA514,0xEF7D,0xA514,0xB596,
  0x6B6D,0x6B6D,0xBDD7,0xFFFF,0xFFDF,0xFFFF,0xB5B6,0x630C,0xD6BA,0xFFFF,0xFFFF,0xFFFF,
  0xFFFF,0xFFFF,0xFFFF,0xFFFF,0xFFFF,0xFFFF,0xFFFF,0xFFFF,0xFFFF,0xFFFF,0xFFFF,0xFFFF,
  0xFFFF,0xFFFF,0xFFFF,0xFFFF,0xFFFF,0xFFFF,0xFFFF,0xFFFF,0xFFFF,0xFFFF,0xFFFF,0xEF7D,
  0x526A,0xF79E,0xFFFF,0xFFFF,0xFFFF,0xFFFF,0xFFFF,0xFFFF,0xFFDF,0xFFFF,0x7BCF,0x8430,
  0xFFFF,0xFFDF,0xFFFF,0xFFFF,0xFFFF,0xFFFF,0xFFFF,0xFFFF,0xFFFF,0xFFFF,0xFFFF,0xFFFF,
  0xFFFF,0xFFFF,0xFFFF,0xFFFF,0xF6DA,0xFF3C,0xFF1C,0xFEDB,0xFFFF,0xFFFF,0xFFFF,0xFFFF,
  0xFFFF,0xEF5D,0x5ACB,0x94B2,0xC618,0x5AEB,0x5ACB,0x7BEF,0x8C50,0x8410,0xAD75,0x7BCE,
  0x6B6D,0x73AE,0xB5B6,0xAD55,0x4A69,0xAD55,0xE71C,0xFFFF,0xFFFF,0xEF5D,0x630C,0xB5B6,
  0x632C,0xFFFF,0xFFFF,0xFFFF,0xFFFF,0xFFFF,0xFFFF,0xFF1C,0xF6BA,0xFF7D,0xF679,0xFFFF,
  0xFFFF,0xFFFF,0xFFFF,0xFFFF,0xFFFF,0xFFFF,0xFFFF,0xFFFF,0xFFFF,0xFFFF,0xFFFF,0xFFFF,
  0xFFFF,0xFFFF,0xFFFF,0xEF7D,0x528A,0xF79E,0xFFFF,0xFFFF,0xFFFF,0xFFFF,0xFFFF,0xFFFF,
  0xFFDF,0xFFFF,0x7BCF,0x8410,0xFFFF,0xFFFF,0xFFFF,0xFFFF,0xFFFF,0xFFFF,0xFFFF,0xFFFF,
  0xFFFF,0xFFFF,0xFFFF,0xFFFF,0xFFFF,0xFFFF,0xFFFF,0xFFFF,0xEC71,0xF5B6,0xED96,0xECB2,
  0xFFFF,0xFFFF,0xFFFF,0xFFFF,0xFFFF,0xFFDF,0xB5B6,0x73AE,0x9CF3,0x7BEF,0x8410,0x31A6,
  0x9CF3,0x4228,0x4A69,0x738E,0x6B6D,0x31C6,0xEF7D,0xBDD7,0x4A49,0xA514,0xFFFF,0xFFFF,
  0xFFFF,0xEF7D,0x39E7,0x528A,0x528A,0xFFFF,0xFFFF,0xFFFF,0xFFFF,0xFFFF,0xFFFF,0xED96,
  0xEC51,0xF699,0xDBAE,0xFFFF,0xFFFF,0xFFFF,0xFFFF,0xFFFF,0xFFFF,0xFFFF,0xFFFF,0xFFFF,
  0xFFFF,0xFFFF,0xFFFF,0xFFFF,0xFFFF,0xFFFF,0xFFFF,0xEF5D,0x4A69,0xF79E,0xFFFF,0xFFFF,
  0xFFFF,0xFFFF,0xFFFF,0xFFFF,0xFFDF,0xFFFF,0x7BCF,0x8410,0xFFFF,0xFFFF,0xFFFF,0xFFFF,
  0xFFFF,0xFFFF,0xFFFF,0xFFFF,0xFFFF,0xFFFF,0xFFFF,0xFFFF,0xFFFF,0xFFFF,0xFFFF,0xFFFF,
  0xFFFF,0xFFFF,0xFFFF,0xFFFF,0xFFFF,0xFFFF,0xFFFF,0xFFFF,0xFFFF,0xF79E,0x8410,0x6B6D,
  0x8430,0x73AE,0xDEFB,0x8430,0x8C30,0x7BEF,0xBDF7,0x738E,0x83EF,0xB5B6,0x7BCF,0x9CF3,
  0x4A49,0x8410,0xBDF7,0xFFFF,0xFFFF,0xE73C,0x632C,0xD69A,0x632C,0xFFFF,0xFFFF,0xFFFF,
  0xFFFF,0xFFFF,0xFFFF,0xFFFF,0xFFFF,0xFFFF,0xFFFF,0xFFFF,0xFFFF,0xFFFF,0xFFFF,0xFFFF,
  0xFFFF,0xFFFF,0xFFFF,0xFFFF,0xFFFF,0xFFFF,0xFFFF,0xFFFF,0xFFFF,0xFFFF,0xFFFF,0xEF5D,
  0x4A69,0xF79E,0xFFFF,0xFFFF,0xFFFF,0xFFFF,0xFFFF,0xFFFF,0xFFDF,0xFFFF,0x73AE,0x8C71,
  0xFFFF,0xFFDF,0xFFDF,0xFFFF,0xFFFF,0xFFFF,0xFFFF,0xFFFF,0xFFFF,0xFFFF,0xFFFF,0xFFFF,
  0xFFFF,0xFFFF,0xFFFF,0xFFFF,0xFFFF,0xFFDF,0xFFDF,0xFFFF,0xFFFF,0xFFFF,0xFFFF,0xFFFF,
  0xFFDF,0xFFFF,0xDEFB,0xBDD7,0xFFFF,0xE73C,0xF7BE,0xEF7D,0xE73C,0xE73C,0xF7BE,0xE71C,
  0xE71C,0xFFFF,0xE71C,0xE71C,0xC618,0xB5B6,0xDEFB,0xFFDF,0xFFFF,0xFFDF,0xE73C,0xFFDF,
  0xE71C,0xFFFF,0xFFFF,0xFFFF,0xFFFF,0xFFDF,0xFFFF,0xFFFF,0xFFFF,0xFFDF,0xFFDF,0xFFFF,
  0xFFFF,0xFFFF,0xFFFF,0xFFFF,0xFFFF,0xFFFF,0xFFFF,0xFFFF,0xFFFF,0xFFFF,0xFFFF,0xFFFF,
  0xFFFF,0xFFDF,0xFFFF,0xF7BE,0x528A,0xF79E,0xFFFF,0xFFFF,0xFFFF,0xFFFF,0xFFFF,0xFFFF,
  0xFFDF,0xFFFF,0x8C71,0x4228,0xFFFF,0xFFFF,0xFFFF,0xFFFF,0xFFFF,0xFFFF,0xFFFF,0xFFFF,
  0xFFFF,0xFFFF,0xFFFF,0xFFFF,0xFFFF,0xFFFF,0xFFFF,0xFFFF,0xFFFF,0xFFFF,0xFFFF,0xFFFF,
  0xFFFF,0xFFFF,0xFFFF,0xFFFF,0xFFFF,0xFFFF,0xFFFF,0xFFFF,0xFFFF,0xFFFF,0xFFFF,0xFFFF,
  0xFFFF,0xFFFF,0xFFFF,0xFFFF,0xFFFF,0xFFFF,0xFFFF,0xFFFF,0xFFFF,0xFFFF,0xFFFF,0xFFFF,
  0xFFFF,0xFFFF,0xFFFF,0xFFFF,0xFFFF,0xFFFF,0xFFFF,0xFFFF,0xFFFF,0xFFFF,0xFFFF,0xFFFF,
  0xFFFF,0xFFFF,0xFFFF,0xFFFF,0xFFFF,0xFFFF,0xFFFF,0xFFFF,0xFFFF,0xFFFF,0xFFFF,0xFFFF,
  0xFFFF,0xFFFF,0xFFFF,0xFFFF,0xFFFF,0xFFFF,0xFFFF,0xB596,0x31A6,0xFFDF,0xFFFF,0xFFFF,
  0xFFFF,0xFFFF,0xFFFF,0xFFFF,0xFFFF,0xFFFF,0xF7BE,0x39C7,0x4A69,0xC618,0xBDF7,0xBDF7,
  0xBDF7,0xBDF7,0xBDF7,0xBDF7,0xBDF7,0xBDF7,0xBDF7,0xBDF7,0xBDF7,0xBDF7,0xBDF7,0xBDF7,
  0xBDF7,0xBDF7,0xBDF7,0xBDF7,0xBDF7,0xBDF7,0xBDF7,0xBDF7,0xBDF7,0xBDF7,0xBDF7,0xBDD7,
  0xBDF7,0xBDF7,0xBDF7,0xBDF7,0xBDF7,0xBDF7,0xBDF7,0xBDF7,0xBDF7,0xBDF7,0xBDF7,0xBDF7,
  0xBDD7,0xBDD7,0xBDF7,0xBDF7,0xBDF7,0xBDF7,0xBDF7,0xBDF7,0xBDF7,0xBDF7,0xBDF7,0xBDF7,
  0xBDF7,0xBDF7,0xBDF7,0xBDF7,0xBDF7,0xBDF7,0xBDF7,0xBDF7,0xBDF7,0xBDF7,0xBDF7,0xBDF7,
  0xBDF7,0xBDF7,0xBDF7,0xBDF7,0xBDF7,0xBDF7,0xBDF7,0xBDF7,0xBDF7,0xC618,0x94B2,0x10A2,
  0xAD55,0xFFFF,0xFFFF,0xFFFF,0xFFFF,0xFFFF,0xFFFF,0xFFFF,0xFFFF,0xFFFF,0xFFFF,0xF79E,
  0x6B6D,0x528A,0x52AA,0x52AA,0x52AA,0x52AA,0x52AA,0x52AA,0x52AA,0x52AA,0x52AA,0x52AA,
  0x52AA,0x52AA,0x52AA,0x52AA,0x52AA,0x52AA,0x52AA,0x52AA,0x52AA,0x52AA,0x52AA,0x52AA,
  0x52AA,0x52AA,0x52AA,0x52AA,0x52AA,0x52AA,0x52AA,0x52AA,0x52AA,0x52AA,0x52AA,0x52AA,
  0x52AA,0x52AA,0x52AA,0x52AA,0x52AA,0x52AA,0x52AA,0x52AA,0x52AA,0x52AA,0x52AA,0x52AA,
  0x52AA,0x52AA,0x52AA,0x52AA,0x52AA,0x52AA,0x52AA,0x52AA,0x52AA,0x52AA,0x52AA,0x52AA,
  0x52AA,0x52AA,0x52AA,0x52AA,0x52AA,0x52AA,0x52AA,0x52AA,0x52AA,0x52AA,0x52AA,0x52AA,
  0x52AA,0x52AA,0x528A,0xBDD7,0xFFFF,0xFFFF,0xFFFF,0xFFFF,0xFFFF,0xFFFF,0xFFFF,0xFFFF,
  0xFFFF,0xFFFF,0xFFFF,0xFFFF,0xFFFF,0xFFFF,0xFFFF,0xFFFF,0xFFFF,0xFFFF,0xFFFF,0xFFFF,
  0xFFFF,0xFFFF,0xFFFF,0xFFFF,0xFFFF,0xFFFF,0xFFFF,0xFFFF,0xFFFF,0xFFFF,0xFFFF,0xFFFF,
  0xFFFF,0xFFFF,0xFFFF,0xFFFF,0xFFFF,0xFFFF,0xFFFF,0xFFFF,0xFFFF,0xFFFF,0xFFFF,0xFFFF,
  0xFFFF,0xFFFF,0xFFFF,0xFFFF,0xFFFF,0xFFFF,0xFFFF,0xFFFF,0xFFFF,0xFFFF,0xFFFF,0xFFFF,
  0xFFFF,0xFFFF,0xFFFF,0xFFFF,0xFFFF,0xFFFF,0xFFFF,0xFFFF,0xFFFF,0xFFFF,0xFFFF,0xFFFF,
  0xFFFF,0xFFFF,0xFFFF,0xFFFF,0xFFFF,0xFFFF,0xFFFF,0xFFFF,0xFFFF,0xFFFF,0xFFFF,0xFFFF,
  0xFFFF,0xFFFF,0xFFFF,0xFFFF,0xFFFF,0xFFFF,0xFFFF,0xFFFF,0xFFFF,0xFFFF,0xFFFF,0xFFFF,
  0xFFFF,0xFFFF,0xFFFF,0xFFFF,0xFFFF,0xFFFF,0xFFFF,0xFFFF,0xFFFF,0xFFFF,0xFFFF,0xFFFF,
  0xFFFF,0xFFFF,0xFFFF,0xFFFF,0xFFFF,0xFFFF,0xFFFF,0xFFFF,0xFFFF,0xFFDF,0xFFFF,0xFFFF,
  0xFFFF,0xFFFF,0xFFDF,0xFFFF,0xFFFF,0xFFFF,0xFFFF,0xFFFF,0xFFFF,0xFFFF,0xFFFF,0xFFFF,
  0xFFFF,0xFFFF,0xFFFF,0xFFFF,0xFFFF,0xFFDF,0xFFFF,0xFFDF,0xFFDF,0xFFFF,0xFFFF,0xFFFF,
  0xFFDF,0xFFFF,0xFFFF,0xFFDF,0xFFDF,0xFFFF,0xFFFF,0xFFFF,0xFFFF,0xFFFF,0xFFFF,0xFFFF,
  0xFFFF,0xFFDF,0xFFFF,0xFFFF,0xFFFF,0xFFDF,0xFFDF,0xFFFF,0xFFFF,0xFFFF,0xFFFF,0xFFFF,
  0xFFFF,0xFFFF,0xFFFF,0xFFFF,0xFFDF,0xFFFF,0xFFFF,0xFFFF,0xFFFF,0xFFFF,0xFFFF,0xFFFF,
  0xFFFF,0xFFFF,0xFFFF,0xFFFF,0xFFFF,0xFFFF,0xFFFF,0xFFFF,0xFFFF,0xFFFF,0xFFFF,0xFFFF,
  0xFFFF,0xFFFF,0xFFFF,0xFFFF,0xFFFF,0xFFFF,0xFFFF,0xFFFF,0xFFFF,0xFFFF,0xFFFF,0xFFFF,
  0xFFFF,0xFFFF,0xFFFF,0xFFFF,0xFFFF,0xFFFF,0xFFFF,0xFFFF,0xFFFF,0xFFFF,0xFFFF,0xFFFF,
  0xFFFF,0xFFFF,0xFFFF,0xFFFF,0xFFFF,0xFFFF,0xFFFF,0xFFFF,0xFFFF,0xFFFF,0xFFFF,0xFFFF,
  0xFFFF,0xFFFF,0xFFFF,0xFFFF,0xFFFF,0xFFFF,0xFFFF,0xFFFF,0xFFFF,0xFFFF,0xFFFF,0xFFFF,
  0xFFFF,0xFFFF,0xFFFF,0xFFFF,0xFFFF,0xFFFF,0xFFFF,0xFFFF,0xFFFF,0xFFFF,0xFFFF,0xFFFF,
  0xFFFF,0xFFFF,0xFFFF,0xFFFF,0xFFFF,0xFFFF,0xFFFF,0xFFFF,0xFFFF,0xFFFF,0xFFFF,0xFFFF,
  0xFFFF,0xFFFF,0xFFFF,0xFFFF,0xFFFF,0xFFFF,0xFFFF,0xFFFF,0xFFFF,0xFFFF,0xFFFF,0xFFFF,
  0xFFFF,0xFFFF,0xFFFF,0xFFFF,0xFFFF,0xFFFF,0xFFFF,0xFFFF,0xFFFF,0xFFFF,0xFFFF,0xFFFF,
  0xFFFF,0xFFFF,0xFFFF,0xFFFF,0xFFFF,0xFFFF,0xFFFF,0xFFFF,0xFFFF,0xFFFF,0xFFFF,0xFFFF,
  0xFFFF,0xFFFF,0xFFFF,0xFFFF,0xFFFF,0xFFFF,0xFFFF,0xFFFF,0xFFFF,0xFFFF,0xFFFF,0xFFFF,
  0xFFFF,0xFFFF,0xFFFF,0xFFFF,0xFFFF,0xFFFF,0xFFFF,0xFFFF,0xFFFF,0xFFFF,0xFFFF,0xFFFF,
  0xFFFF,0xFFFF,0xFFFF,0xFFFF,0xFFFF,0xFFFF,0xFFFF,0xFFFF,0xFFFF,0xFFFF,0xFFFF,0xFFFF,
  0xFFFF,0xFFFF,0xFFFF,0xFFFF,0xFFFF,0xFFFF,0xFFFF,0xFFFF,0xFFFF,0xFFFF,0xFFFF,0xFFFF,
  0xFFFF,0xFFFF,0xFFFF,0xFFFF,0xFFFF,0xFFFF,0xFFFF,0xFFFF,0xFFFF,0xFFFF,0xFFFF,0xFFFF,
  0xFFFF,0xFFFF,0xFFFF,0xFFFF,0xFFFF,0xFFFF,0xFFFF,0xFFFF,0xFFFF,0xFFFF,0xFFFF,0xFFFF,
  0xFFFF,0xFFFF,0xFFFF,0xFFFF,0xFFFF,0xFFFF,0xFFFF,0xFFFF,0xFFFF,0xFFFF,0xFFFF,0xFFFF,
  0xFFFF,0xFFFF,0xFFFF,0xFFFF,0xFFFF,0xFFFF,0xFFFF,0xFFFF,0xFFFF,0xFFFF,0xFFFF,0xFFFF,
  0xFFFF,0xFFFF,0xFFFF,0xFFFF,0xFFFF,0xFFFF,0xFFFF,0xFFFF,0xFFFF,0xFFFF,0xFFFF,0xFFFF,
  0xFFFF,0xFFFF,0xFFFF,0xFFFF,0xFFFF,0xFFFF,0xFFFF,0xFFFF,0xFFFF,0xFFFF,0xFFFF,0xFFFF,
  0xFFFF,0xFFFF,0xFFFF,0xFFFF,0xFFFF,0xFFFF,0xFFFF,0xFFFF,0xFFFF,0xFFFF,0xFFFF,0xFFFF,
  0xFFFF,0xFFFF,0xFFFF,0xFFFF,0xFFFF,0xFFFF,0xFFFF,0xFFFF,0xFFFF,0xFFFF,0xFFFF,0xFFFF,
  0xFFFF,0xFFFF,0xFFFF,0xFFFF
};

static const MenuCover kMenuCovers[] = {
  {"dino", 88, 88, cover_dino},
  {"game2048", 88, 88, cover_game2048},
  {"snake", 88, 88, cover_snake},
};

static constexpr uint16_t kMenuCoversCount = 3;
